SUB,PROT,ENERGY
SPHE1,BILE16,-2.25214017467
SPHE1,BVAL17,1.37691207385
SPHE1,BASN18,-0.494360959166
SPHE1,BGLY19,0.812753359381
SPHE1,BGLN30,0.843771339922
SPHE1,BVAL31,-1.1927144258
SPHE1,BSER32,0.171380594499
SPHE1,BLEU33,1.78012354248
SPHE1,BGLN34,-0.361220730866
SPHE1,BASP35,0.898003531755
SPHE1,BLYS36,0.173289128936
SPHE1,BPHE39,-0.417798061748
SPHE1,BHSD40,2.44171605761
SPHE1,BPHE41,-2.68064322378
SPHE1,BCYS42,-1.75401327664
SPHE1,BGLY43,3.48583861947
SPHE1,BGLY44,1.87231607293
SPHE1,BSER45,0.655265747338
SPHE1,BVAL52,0.00784029724967
SPHE1,BVAL53,-0.185388753543
SPHE1,BTHR54,-0.132918195051
SPHE1,BALA55,0.373895434
SPHE1,BALA56,-0.768173852754
SPHE1,BHSD57,-9.88648254041
SPHE1,BCYS58,-0.993373316479
SPHE1,BGLY59,0.128403845859
SPHE1,BVAL60,0.0657185014939
SPHE1,BTHR61,0.140746855129
SPHE1,BASP64,-0.187869769402
SPHE1,BVAL88,0.00649874358385
SPHE1,BLYS90,2.34331496208
SPHE1,BASN91,3.47506320386E-05
SPHE1,BTYR94,-0.293780211446
SPHE1,BASN95,-1.52880114916
SPHE1,BSER96,-0.572736144948
SPHE1,BLEU97,-1.22307546924
SPHE1,BTHR98,0.41079329656
SPHE1,BILE99,-0.694766229985
SPHE1,BASN100,-1.40541313874
SPHE1,BASN101,1.07487326285
SPHE1,BASP102,4.78306526469
SPHE1,BILE103,8.40030563089
SPHE1,BTHR104,0.935692346587
SPHE1,BLEU106,0.479490837355
SPHE1,BVAL137,-0.274666674328
SPHE1,BTHR138,-0.973578916724
SPHE1,BTHR139,-0.69405071631
SPHE1,BGLY140,0.984075086187
SPHE1,BTRP141,3.0671699073
SPHE1,BGLY142,-0.188397992799
SPHE1,BLEU143,1.61787289512
SPHE1,BTHR144,0.335745813223
SPHE1,BARG145,-0.821318271662
SPHE1,BTYR146,0.0828644066498
SPHE1,CALA149,-1.12917942236
SPHE1,CASN150,-0.109309829158
SPHE1,CTHR151,0.182897510151
SPHE1,CPRO152,0.247877307899
SPHE1,CARG154,-0.000250111085574
SPHE1,CLEU155,0.403910457366
SPHE1,CGLN156,0.500208365893
SPHE1,CGLN157,0.227937845706
SPHE1,CALA158,0.760714096376
SPHE1,CLEU160,-0.370505071631
SPHE1,CCYS168,0.00194341530683
SPHE1,CTYR171,0.906662276871
SPHE1,CTRP172,-1.43153134145
SPHE1,CGLY173,0.0260069409331
SPHE1,CLYS175,0.199806182487
SPHE1,CILE176,0.224225656937
SPHE1,CLYS177,0.0426541484716
SPHE1,CALA179,-0.0375139967823
SPHE1,CMET180,0.339256515744
SPHE1,CILE181,1.16969888148
SPHE1,CCYS182,0.342945407186
SPHE1,CALA183,0.40306533364
SPHE1,CGLY184,-0.298030537041
SPHE1,CALA185,0.650596192446
SPHE1,CVAL188,0.0424592277637
SPHE1,CSER189,0.645267907761
SPHE1,CSER190,0.0788609285222
SPHE1,CCYS191,-0.154799249215
SPHE1,CMET192,-3.93335188079
SPHE1,CGLY193,-2.62700959166
SPHE1,CASP194,2.67722716617
SPHE1,CSER195,-4.11380158584
SPHE1,CGLY196,1.24345921244
SPHE1,CGLY197,-1.11315402589
SPHE1,CPRO198,2.80824785107
SPHE1,CLEU199,-0.0192987206006
SPHE1,CVAL200,0.0219707576802
SPHE1,CLEU209,0.0911786409255
SPHE1,CGLY211,1.53270999004
SPHE1,CILE212,0.90757938405
SPHE1,CVAL213,-1.90753706428
SPHE1,CSER214,-3.69104423504
SPHE1,CTRP215,-6.34075840037
SPHE1,CGLY216,-2.24025221022
SPHE1,CSER217,0.766039561787
SPHE1,CSER218,-0.8914517812
SPHE1,CTHR219,0.23577382211
SPHE1,CCYS220,-1.54781833295
SPHE1,CSER221,1.35166534896
SPHE1,CTHR222,-0.237922523558
SPHE1,CSER223,0.0952732781736
SPHE1,CTHR224,-0.160029724967
SPHE1,CPRO225,-1.72377065043
SPHE1,CGLY226,6.52638209607
SPHE1,CVAL227,2.96934043515
SPHE1,CTYR228,-3.93768113077
SPHE1,CALA229,6.13139494369
SPHE1,CARG230,-0.292586416916
SPHE1,CVAL231,0.00128775760362
