,Res,P1,P2,P3,P4,P11_2,P11_7,P22_2,P22_7,P33
0,ACYS1,0.0,0.0,0.0,0.0,0.0,0.0,0,0.0,0.0
1,AGLY2,0.0,0.0,0.0,0.0,0,0.0,0.0,0.0,0.0
2,AVAL3,0.0,0.0,0.0,0.0,0.0,0.0,0.0,0.0,0.0
3,APRO4,0.0,0.0,0.0,0.0,0.0,0.0,0.0,0.0,0.0
4,AALA5,0.0,0.0,0.0,0.0,0.0,0.0,0.0,0.0,0.0
5,AILE6,0.0,0.0,0.0,0.0,0.0,0.0,0.0,0.0,0.0
6,AGLN7,0.0,0.0,0.0,0.0,0.0,0.0,0.0,0.0,0.0
7,APRO8,0.0,0.0,0.0,0.0,0.0,0.0,0.0,0.0,0.0
8,AVAL9,0.0,0.0,0.0,0.0,0.0,0.0,0.0,0.0,0.0
9,ALEU10,0.0,0.0,0.0,0.0,0.0,0.0,0.0,0.0,0.0
10,ASER11,0.0,0.0,0.0,0.0,0.0,0.0,0.0,0.0,0.0
11,AGLY12,0.0,0.0,0.0,0.0,0.0,0.0,0.0,0.0,0.0
12,ALEU13,0.0,0.0,0.0,0.0,0.0,0.0,0.0,0.0,0.0
13,XXXX,0.0,0.0,0.0,0.0,0.0,0.0,0.0,0.0,0.0
14,XXXX,0.0,0.0,0.0,0.0,0.0,0.0,0.0,0.0,0.0
15,BILE16,-6.42135805844,-1.28666741753,-0.322254872762,0.0,-4.86529777563,-0.379218711864,0.406671373308,0.0021766779661,0.0
16,BVAL17,2.51079735156,1.33591826579,-0.39815263902,0.0221726201697,5.38892688588,-0.116724372881,-0.623009767892,0.0144310508475,0.0707028813559
17,BASN18,0.57882462771,0.0,0.0,0.0,0.138521083172,-0.00649084745763,-0.278108317215,0.0,0.0
18,BGLY19,0.0492876437323,0.0,0.0,0.0,0.367137814313,-0.0105308135593,-0.305483655706,0.0,0.0
19,BGLU20,0.0,0.0,0.0,0.0,-0.876498549323,0.0,2.31740647969,0.0,0.0
20,BGLU21,0.0,0.0,0.0,0.0,0.13595212766,0.0,-0.435138007737,0.0,0.0
21,BALA22,0.0,0.0,0.0,0.0,0.231966924565,0.0,-0.927455319149,0.0,0.0
22,BVAL23,0.0,0.0,0.0,0.0,0.0,0.0,0.0,0.0,0.0
23,BPRO24,0.0,0.0,0.0,0.0,0.0,0.0,0.0,0.0,0.0
24,BGLY25,0.0,0.0,0.0,0.0,0.0,0.0,0.0,0.0,0.0
25,BSER26,0.0,0.0,0.0,0.0,0.0,0.0,0.0,0.0,0.0
26,BTRP27,0.0,0.0,0.0,0.0,1.05564139265,0.0,-0.697908027079,0.0,0.0
27,BPRO28,0.0,0.0,0.0,0.0,-0.896427562863,0.0,0.0,0.0,0.0
28,BTRP29,0.0,0.0,0.0,0.0,-1.12180125725,0.0,0.0627190522244,0.0,0.0
29,BGLN30,1.01542004713,0.0,0.0,0.0,1.56639903288,0.0192534915254,0.418012282398,0.0,0.0
30,BVAL31,-0.743968868992,0.0,0.0,0.0,-1.53152108317,-0.00871006779661,-0.386799516441,0.0,0.0
31,BSER32,0.00106676720075,0.0,0.0,0.0,-2.29984439072,0.0190780338983,1.13386692456,0.0,0.0
32,BLEU33,-2.7295237983,0.0116981055608,0.0,0.0,-0.593935880077,-0.324696237288,0.298236847195,0.010211220339,0.0
33,BGLN34,0.0132424222432,0.0,0.0,0.0,1.10297398453,0.00543203389831,-2.11986576402,0.0,0.0
34,BASP35,0.00272085768143,0.0,0.0,0.0,-5.23040783366,-1.01413938983,0.849899032882,-0.0908776610169,0.0
35,BLYS36,0.0,0.0,0.0,0.0,-0.0504315280464,0.0673023728814,0.00467359767892,0.0,0.0
36,BTHR37,0.0,0.0,0.0,0.0,0.912112282398,0.0,0.218257446809,0.0,0.0
37,BGLY38,0.0,0.0,0.0,0.0,0.0482315280464,0.0,-0.404365957447,0.0,0.0
38,BPHE39,-0.0764544674835,-0.0263380772856,0.0,0.0,-0.694643617021,-0.00899050847458,-0.054996615087,0.00964915254237,0.0
39,BHSD40,-1.53998,2.69059494816,0.0,0.0,-3.48231286267,0.464225322034,-2.88966054159,-0.275970508475,0.0
40,BPHE41,-1.33241636192,-0.231176343073,-0.11754072573,0.0,-1.88280435203,-0.624878542373,0.997465280464,-0.0853757288136,0.695767355932
41,BCYS42,0.436952450518,-0.513355994345,0.00346098963242,0.0,-3.30590106383,1.06805837288,0.00656895551257,0.0898669830508,0.251313152542
42,BGLY43,1.79027735156,0.0691064373233,0.0,0.0,-2.4248155706,-1.44019833898,-1.94171847195,0.117818135593,-0.00621169491525
43,BGLY44,-1.71859407163,0.00620000942507,0.0,0.0,1.64635783366,-0.166367084746,-0.921633075435,0.0,0.0
44,BSER45,0.506360508954,0.0,0.0,0.0,0.448952224371,0.0,0.064970696325,0.0,0.0
45,BLEU46,0.0,0.0,0.0,0.0,0.253004255319,0.0,0.0,0.0,0.0
46,BILE47,0.0,0.0,0.0,0.0,0.0030670212766,0.0,0.0,0.0,0.0
47,BASN48,0.0,0.0,0.0,0.0,0.0,0.0,0.0,0.0,0.0
48,BGLU49,0.0,0.0,0.0,0.0,0.0,0.0,0.0,0.0,0.0
49,BASN50,0.0,0.0,0.0,0.0,0.0,0.0,0.0,0.0,0.0
50,BTRP51,0.0,0.0,0.0,0.0,0.0,0.0,0.0,0.0,0.0
51,BVAL52,0.0,0.0,0.0,0.0,-0.381934526112,0.0,0.0,0.0,0.0
52,BVAL53,1.85921754006,0.00478073515551,0.0,0.0,0.801778916828,-0.00830101694915,-0.00426005802708,0.0,0.0
53,BTHR54,2.82878573044,-1.05621643732,0.0,0.0,4.72461411992,-0.350650779661,2.90102669246,-0.00815254237288,-0.0132796610169
54,BALA55,0.441255146089,-3.95139014138,0.0937286050895,0.0158875306315,-2.55601025145,0.517171423729,-1.68416402321,-0.734849152542,0.145390372881
55,BALA56,0.873968105561,-1.91587085768,-1.0664970688,0.132263393025,-1.07418056093,0.00893596610169,0.0,-0.183957186441,0.156930033898
56,BHSD57,-3.23987154571,-2.69886621112,0.0279889066918,0.830139057493,2.44764042553,-1.62331576271,1.23456895551,-0.479254169492,-0.550996135593
57,BCYS58,0.247231922714,-0.0102011875589,-0.0938501413761,0.0348831291235,-0.489457930368,1.10484671186,0.111234332689,0.348491966102,0.310457491525
58,BGLY59,3.19990644675,-0.947818020735,0.00297953817154,0.00255667295005,-0.66818655706,-0.412041322034,-0.0146758220503,0.288770983051,0.0137368813559
59,BVAL60,-3.22324693685,-0.673647049953,0.0,0.0,-1.79902862669,-0.059097559322,0.0,0.0557674915254,-0.0216726440678
60,BTHR61,0.0,0.000193298774741,0.0,0.0,0.068530754352,-0.0128739322034,0.0,0.0,0.0
61,BTHR62,0.0,0.0,0.0,0.0,0.0,0.0,0.0,0.0,0.0
62,BSER63,0.0,0.0,0.0,0.0,0.0,0.0,0.0,0.0,0.0
63,BASP64,0.0,0.0,0.0,0.0,-1.21125880077,0.0,0.0,0.0,0.0
64,BVAL65,0.0,0.0,0.0,0.0,3.09068549323,0.0,-0.02706827853,0.0,0.0
65,BVAL66,0.0,0.0,0.0,0.0,-1.7697811412,0.0,0.122232688588,0.0,0.0
66,BVAL67,0.0,0.0,0.0,0.0,1.07256005803,0.0,0.39528384913,0.0,0.0
67,BALA68,0.0,0.0,0.0,0.0,-0.373650580271,0.0,-0.0410454545455,0.0,0.0
68,BGLY69,0.0,0.0,0.0,0.0,-1.06449284333,0.0,0.357327756286,0.0,0.0
69,BGLU70,0.0,0.0,0.0,0.0,2.45350067698,0.0,-1.03266895551,0.0,0.0
70,BPHE71,0.0,0.0,0.0,0.0,0.049851450677,0.0,-0.39357098646,0.0,0.0
71,BASP72,0.0,0.0,0.0,0.0,0.187593713733,0.0,-0.452948452611,0.0,0.0
72,BGLN73,0.0,0.0,0.0,0.0,0.517124371373,0.0,-0.583236847195,0.0,0.0
73,BGLY74,0.0,0.0,0.0,0.0,-0.149620019342,0.0,0.620655705996,0.0,0.0
74,BSER75,0.0,0.0,0.0,0.0,0.381145261122,0.0,0.268398549323,0.0,0.0
75,BSER76,0.0,0.0,0.0,0.0,0.0,0.0,0.00681798839458,0.0,0.0
76,BSER77,0.0,0.0,0.0,0.0,0.300209477756,0.0,-0.00100270793037,0.0,0.0
77,BGLU78,0.0,0.0,0.0,0.0,0.0,0.0,0.0,0.0,0.0
78,BLYS79,0.0,0.0,0.0,0.0,0.0,0.0,0.0,0.0,0.0
79,BILE80,0.0,0.0,0.0,0.0,0.259741876209,0.0,0.111620019342,0.0,0.0
80,BGLN81,0.0,0.0,0.0,0.0,-0.525144487427,0.0,0.0,0.0,0.0
81,BLYS82,0.0,0.0,0.0,0.0,0.438092263056,0.0,0.0168794003868,0.0,0.0
82,BLEU83,0.0,0.0,0.0,0.0,0.0398278529981,0.0,0.0,0.0,0.0
83,BLYS84,0.0,0.0,0.0,0.0,0.0,0.0,0.0,0.0,0.0
84,BILE85,0.0,0.0,0.0,0.0,0.240799226306,0.0,0.0,0.0,0.0
85,BALA86,0.0,0.0,0.0,0.0,0.0,0.0,0.0,0.0,0.0
86,BLYS87,0.0,0.0,0.0,0.0,0.0,0.0,0.0,0.0,0.0
87,BVAL88,0.0,0.0,0.0,0.0,0.0,0.0,0.0,0.0,0.0
88,BPHE89,0.0,0.0,0.0,0.0,0.0,0.0,0.0,0.0,0.0
89,BLYS90,0.0372465032988,0.382231960415,0.0,0.0,0.0,0.314949050847,0.0,0.0,0.0
90,BASN91,0.0,0.136718803016,0.0,0.0,0.0,0.0,0.0,0.0,0.0
91,BSER92,0.0,0.0,0.0,0.0,0.0,0.0,0.0,0.0,0.0
92,BLYS93,0.0,-0.323081131008,0.0,0.0,0.0,0.0,0.0,0.0,0.0
93,BTYR94,0.392411687088,-1.58143621112,-0.159778821866,0.528834373233,0.0,0.346773016949,0.0,-0.0401296271186,-0.0972634237288
94,BASN95,-0.521212808671,0.000804995287465,0.789199227144,0.123511244109,0.0,-0.270857932203,0.0,0.0133016271186,0.130413966102
95,BSER96,-0.0124021112158,-1.47027592837,-0.0199951366635,1.30740573987,0.00624941972921,-0.0349816271186,0.0,0.597071322034,-0.443738644068
96,BLEU97,-0.349203166824,-0.878053949105,-0.0581413006598,0.276091583412,0.0,-0.219087355932,0.0,0.345828779661,-0.641651966102
97,BTHR98,-0.277778378888,-0.92456001885,0.197215918944,-0.267820622055,0.0,0.291923050847,0.0,-0.225629762712,-0.530563661017
98,BILE99,-1.59798489161,-0.833112365693,0.0122088689915,-0.822953949105,-0.167405029014,-0.172563220339,0.0,-0.334977423729,-0.445632644068
99,BASN100,-1.22406598492,-0.180552544769,0.731286484449,0.505344995287,0.0,-0.000660474576271,0.0,-0.138488677966,-0.312229457627
100,BASN101,1.61401576814,0.387192016965,-0.00657828463713,0.179459038643,0.0,0.00234277966102,0.0,0.283534067797,-0.103089661017
101,BASP102,-0.346670207352,-1.28820678605,0.682639302545,-2.59124509896,3.47078288201,-2.52377976271,0.0,3.59161694915,0.492146610169
102,BILE103,1.01828427898,0.205719066918,0.0,-0.00688728557964,0.0591278529981,-0.0497894915254,0.0,0.0545127118644,-0.0732355254237
103,BTHR104,-2.79947112158,-0.0162374552309,0.0,0.0,-0.186494777563,0.0419489152542,0.0,0.00217962711864,0.0
104,BLEU105,0.0,0.0,0.0,0.0,0.0,0.0,0.0,0.0,0.0
105,BLEU106,0.0214793119698,0.0,0.0,0.0,-0.711384719536,0.0,0.0,0.0,0.0
106,BLYS107,0.0,0.0,0.0,0.0,0.0,0.0,0.0,0.0,0.0
107,BLEU108,0.0,0.0,0.0,0.0,0.0,0.0,0.0,0.0,0.0
108,BSER109,0.0,0.0,0.0,0.0,0.0,0.0,0.0,0.0,0.0
109,BTHR110,0.0,0.0,0.0,0.0,0.0,0.0,0.0,0.0,0.0
110,BALA111,0.0,0.0,0.0,0.0,0.0,0.0,0.0,0.0,0.0
111,BALA112,0.0,0.0,0.0,0.0,0.0,0.0,0.0,0.0,0.0
112,BSER113,0.0,0.0,0.0,0.0,0.0,0.0,0.0,0.0,0.0
113,BPHE114,0.0,0.0,0.0,0.0,0.0,0.0,0.0,0.0,0.0
114,BSER115,0.0,0.0,0.0,0.0,0.0,0.0,0.0,0.0,0.0
115,BGLN116,0.0,0.0,0.0,0.0,0.0,0.0,0.0,0.0,0.0
116,BTHR117,0.0,0.0,0.0,0.0,0.0,0.0,0.0,0.0,0.0
117,BVAL118,0.0,0.0,0.0,0.0,0.080180754352,0.0,0.0,0.0,0.0
118,BSER119,0.0,0.0,0.0,0.0,0.0,0.0,0.0,0.0,0.0
119,BALA120,0.0,0.0,0.0,0.0,0.0,0.0,0.0,0.0,0.0
120,BVAL121,0.0,0.0,0.0,0.0,0.0,0.0,0.0,0.0,0.0
121,BCYS122,0.0,0.0,0.0,0.0,0.0,0.0,0.0,0.0,0.0
122,BLEU123,0.0,0.0,0.0,0.0,0.0,0.0,0.0,0.0,0.0
123,BPRO124,0.0,0.0,0.0,0.0,0.0,0.0,0.0,0.0,0.0
124,BSER125,0.0,0.0,0.0,0.0,0.0,0.0,0.0,0.0,0.0
125,BALA126,0.0,0.0,0.0,0.0,0.0,0.0,0.0,0.0,0.0
126,BSER127,0.0,0.0,0.0,0.0,0.0,0.0,0.0,0.0,0.0
127,BASP128,0.0,0.0,0.0,0.0,0.0,0.0,0.0,0.0,0.0
128,BASP129,0.0,0.0,0.0,0.0,0.0,0.0,0.0,0.0,0.0
129,BPHE130,0.0,0.0,0.0,0.0,0.0,0.0,0.0,0.0,0.0
130,BALA131,0.0,0.0,0.0,0.0,0.0,0.0,0.0,0.0,0.0
131,BALA132,0.0,0.0,0.0,0.0,0.0,0.0,0.0,0.0,0.0
132,BGLY133,0.0,0.0,0.0,0.0,0.0,0.0,0.0,0.0,0.0
133,BTHR134,0.0,0.0,0.0,0.0,0.0,0.0,0.0,0.0,0.0
134,BTHR135,0.0,0.0,0.0,0.0,0.0,0.0,0.0,0.0,0.0
135,BCYS136,-0.178666295947,0.0,0.0,0.0,0.0,0.0,0.0,0.0,0.0
136,BVAL137,0.227241837889,0.0,0.0,0.0,0.350914603482,0.0,-0.0335412959381,0.0,0.0
137,BTHR138,-0.552648925542,-1.23675983977,-0.0192299057493,0.0,1.05496005803,0.453435050847,0.768648355899,0.0,0.0
138,BTHR139,0.0129193685203,-0.0759628557964,0.0,0.0,-6.28071924565,-1.28358118644,0.929838781431,0.0,0.0
139,BGLY140,-2.85692400566,-0.992422544769,0.0,0.0,-1.78405058027,2.17922538983,-0.900951160542,0.00109874576271,0.0
140,BTRP141,2.0516534967,3.33785176249,0.0,0.0,-1.09548897485,0.294311661017,-3.29929729207,0.0530648474576,0.0
141,BGLY142,3.29687435438,2.22703049953,0.855310593779,0.0,-0.152246615087,-0.000241796610169,-0.995032882012,0.543476169492,-0.000278677966102
142,BLEU143,-3.96298478794,-2.01642295947,0.296280311027,-0.0781622808671,-0.924536170213,-0.97476779661,-0.635396615087,-0.226665525424,0.00280403389831
143,BTHR144,-3.88101058435,2.05511783223,-0.0418784071631,0.0,0.0932298839458,-1.31958894915,0.00519245647969,0.0310912542373,0.0
144,BARG145,1.4359400754,0.39798998115,0.0818831291235,0.0,0.344741295938,-0.0489731186441,0.0552275628627,-0.0957228135593,-0.0156868135593
145,BTYR146,-0.978949132893,0.881313675778,-1.25687900094,0.392473242224,0.0273992263056,2.90802816949,0.750755222437,-2.3412460678,-0.0226813559322
146,XXXX,0.0,0.0,0.0,0.0,0.0,0.0,0.0,0.0,0.0
147,XXXX,0.0,0.0,0.0,0.0,0.0,0.0,0.0,0.0,0.0
148,CALA149,-0.000701545711593,-0.501241036758,0.0800702827521,0.0,-0.582310638298,-0.0020253559322,-0.259308510638,0.372599491525,0.0
149,CASN150,0.135196918002,0.0222936098021,0.00335049010368,0.0,-0.0146596711799,0.0457998305085,0.149982011605,0.00985854237288,0.0
150,CTHR151,0.289155570217,0.0778258246937,0.023388529689,0.0,0.424282688588,-0.153667898305,-0.241907640232,0.0959028474576,0.0
151,CPRO152,-0.479639934025,-0.0359735061263,0.0,0.0,0.987402611219,-0.394262169492,-0.562647388781,0.0,0.0
152,CASP153,0.0,0.0,0.0,0.0,0.0712478723404,0.0,-0.556058800774,0.0,0.0
153,CARG154,0.0,0.0,0.0,0.0,-0.544165377176,0.0,0.441999323017,0.0,0.0
154,CLEU155,-0.686651310085,0.0,0.0,0.0,-0.451250193424,0.000485186440678,-1.23369468085,0.0,0.0
155,CGLN156,-0.883112497644,0.0,0.0,0.0,-8.12957891683,-0.330554576271,-0.666219148936,0.0,0.0
156,CGLN157,0.398657172479,0.0,0.0,0.0,-0.240678143133,0.0,0.810301160542,0.0,0.0
157,CALA158,-0.744778897267,0.0,0.0,0.0,-1.78719245648,0.0,1.67869787234,0.0,0.0
158,CSER159,-0.151192130066,0.0,0.0,0.0,0.0,0.0,0.0,0.0,0.0
159,CLEU160,0.940372214892,0.14081732328,-0.0100890763431,0.0,0.0685417794971,0.0,0.0577900386847,0.0,0.0
160,CPRO161,-0.965319123468,0.0,0.0,0.0,0.0,0.0,0.0,0.0,0.0
161,CLEU162,0.59508393968,0.0,0.0,0.0,0.0,0.0,0.0,0.0,0.0
162,CLEU163,0.717657521206,0.0,0.0,0.00152152686145,0.0,0.0,0.0,0.0,0.0
163,CSER164,0.0,0.0,0.0,0.0,0.0,0.0,0.0,0.0,0.0
164,CASN165,-0.0673875023563,0.00318118755891,0.0,-0.133435937795,0.0,0.0,0.0,0.0,0.0
165,CTHR166,0.0,0.0,0.0,0.0,0.0,0.0,0.0,0.0,0.0
166,CASN167,0.0,0.0,0.0,-0.00515809613572,0.0,0.0,0.0,0.0,0.0
167,CCYS168,-0.315001432611,0.0,0.00466078228087,-1.94965595664,0.0,0.0,0.0,0.0,0.0
168,CLYS169,0.0,0.0,0.0,-1.06873562677,0.0,0.0,0.0,0.0,0.0
169,CLYS170,0.0,0.0,0.0,-0.148863100848,0.0,0.0,0.0,0.0,0.0
170,CTYR171,0.814003496701,-0.00123848256362,5.07861868049,-2.23661438266,0.0,-0.00740583050847,0.0,-0.00743505084746,0.0209422372881
171,CTRP172,1.45177284637,-0.0692591423186,-2.31874183789,-2.90224024505,0.0,-0.328992305085,0.0,0.474345966102,-0.601788135593
172,CGLY173,0.0,9.38925541942e-05,-0.077228671065,-0.06475466541,0.0,0.0,0.0,0.0,0.0450002711864
173,CTHR174,0.0,-0.0470451083883,0.0636365409991,-0.603068821866,0.0,0.0,0.0,0.0,0.0237627457627
174,CLYS175,0.253139547597,0.1295667295,-3.91972761546,4.95363847314,0.0,-0.482373254237,0.0,-0.658059016949,2.51134945763
175,CILE176,0.222551442036,-0.00410147031103,1.37320609802,0.973828586239,0.0,-0.139113830508,0.0,0.0463078983051,-0.206801118644
176,CLYS177,0.0866543261074,-0.213586032045,-0.989670556079,0.117482365693,0.0,-0.0169639661017,0.0,0.0,0.446922881356
177,CASP178,0.0,-0.239222780396,0.0,-0.277073147974,0.0,0.0,0.0,0.0,0.0
178,CALA179,-0.798276079171,-0.0497000471254,0.0,-0.0633054099906,0.0,0.0,0.0,0.0,0.0
179,CMET180,-1.22178128181,0.710301687088,1.93171066918,0.447339443921,-0.00615986460348,0.302603525424,0.0,0.107364067797,-0.0396053220339
180,CILE181,4.23071333648,-1.67860799246,5.67678763431,-0.967072752121,0.0,0.0,0.0,-0.0702831525424,-0.00558169491525
181,CCYS182,-0.593924637135,0.30038472196,-0.252671885014,-0.00244901979265,0.0,-0.0256791186441,0.0,0.000246372881356,-0.0138190169492
182,CALA183,-1.73150466541,-0.030033864279,-0.148496786051,0.503043100848,0.0072001934236,0.0,0.0,0.000530881355932,0.0
183,CGLY184,0.86923,2.13949104618e-05,-0.00466934024505,0.000876314797361,0.0,0.0,0.0,0.0,0.0
184,CALA185,-0.116861413761,0.0,0.0105696512724,0.0148568237512,0.0,0.0,0.0,0.0,0.0
185,CSER186,0.622980188501,0.0,0.0,0.0,0.0,0.0,0.0,0.0,0.0
186,CGLY187,-0.684782130066,0.0,0.0,0.0,0.0,0.0,0.0,0.0,0.0
187,CVAL188,-0.103452309142,0.0,-0.00538342130066,0.0,0.0697541586074,-0.332265084746,0.0584795938104,0.0214456271186,0.0
188,CSER189,-1.85202346843,2.38666406221,-2.16858550424,-0.200156644675,-1.94725377176,0.921834779661,-0.652599903288,-0.910223016949,-0.12046040678
189,CSER190,-2.22479634307,0.243229877474,0.587348482564,-0.964317615457,1.01124148936,0.787147322034,-0.11502311412,-0.0393810508475,0.763931389831
190,CCYS191,-2.21579842601,-0.326969594722,0.64357267672,-4.2422933836,-0.539296518375,-1.34556294915,-0.938745647969,0.0736385423729,-0.635383762712
191,CMET192,-4.93126975495,-3.71308995287,0.0125316682375,0.401521225259,-0.0295799806576,-3.18209945763,0.744542069632,-0.733081525424,0.268182169492
192,CGLY193,-4.04386100848,-0.12083263902,-0.078959066918,-0.338863854854,-5.3422794971,-0.00414186440678,-2.05268858801,-0.372959661017,-0.640710474576
193,CASP194,0.010845739868,-1.26241480679,0.662482384543,0.173037455231,-4.67297340426,1.91486959322,-3.33663675048,-0.0544432542373,0.524875050847
194,CSER195,-2.51828715363,1.00339014138,-0.460852921772,0.346460951932,-8.42461972921,-0.917521355932,-0.49577205029,-0.123557864407,0.624271525424
195,CGLY196,0.987760094251,-0.557903468426,0.669867021678,0.0271776343073,-0.540610831721,-1.13295772881,1.89986044487,0.298339457627,-0.263426033898
196,CGLY197,-1.05980554194,-1.45949053723,-1.11089268615,0.0,-3.26685851064,-0.119721830508,1.17952427466,-0.287733559322,-0.015177559322
197,CPRO198,-0.0249303016023,-0.0121257115928,0.0,0.0,-2.1679615087,-0.0399162372881,-0.189711411992,0.0,0.0
198,CLEU199,1.76016061263,0.0111048162111,0.0,0.0,0.0559159574468,0.0,0.0948690522244,0.0,0.0
199,CVAL200,0.00775377002828,0.0,0.0,0.0,-0.997035976789,0.0,0.0,0.0,0.0
200,CCYS201,0.0,0.0,0.0,0.0,0.0,0.0,0.0,0.0,0.0
201,CLYS202,0.0,0.0,0.0,0.0,0.0,0.0,0.0,0.0,0.0
202,CLYS203,0.0,0.0,0.0,0.0,0.0,0.0,0.0,0.0,0.0
203,CASN204,0.0,0.0,0.0,0.0,0.0,0.0,0.0,0.0,0.0
204,CGLY205,0.0,0.0,0.0,0.0,0.0,0.0,0.0,0.0,0.0
205,CALA206,0.0,0.0,0.0,0.0,0.0,0.0,0.0,0.0,0.0
206,CTRP207,0.0,0.0,0.0,0.0,0.0,0.0,0.0,0.0,0.0
207,CTHR208,0.0,0.0,0.0,0.0,0.0,0.0,0.0,0.0,0.0
208,CLEU209,0.173686908577,0.0,0.0,0.0,-0.102211121857,0.0,0.0,0.0,0.0
209,CVAL210,0.00598121583412,0.0,0.0,0.0,0.0,0.0,0.0,0.0,0.0
210,CGLY211,2.73144480679,0.574003741753,0.0,0.0,1.08856537718,0.0,0.0,0.0,0.0
211,CILE212,-0.327106032045,3.99126562677,-4.91119949105,-0.703274382658,2.63305396518,-0.229556949153,-1.88537059961,0.297627423729,-0.0152825762712
212,CVAL213,-2.4813471442,1.178736541,-3.24907802074,1.89893572102,2.25426402321,-0.629944101695,-1.27161044487,-1.62038718644,0.310639389831
213,CSER214,-6.25597017908,-3.74106619227,-0.388109688973,-0.917855362865,0.754889168279,-0.227836338983,1.44847911025,-0.240255152542,-0.121000440678
214,CTRP215,-3.94590227144,0.309104278982,-4.35043957587,-3.21951418473,-2.42114148936,-0.469127694915,-0.398605609284,1.84071508475,-0.776675525424
215,CGLY216,-2.15136193214,-0.532210254477,-4.38516525919,-2.86626857681,1.83146015474,-0.670184169492,0.335460928433,-0.168229694915,-0.015570440678
216,CSER217,-3.96406247879,0.0180170499529,-1.31141751178,-0.0831529783223,0.0473188588008,-0.0548532881356,-1.21770560928,-0.305834677966,0.0715255932203
217,CSER218,7.51693916117,0.248196965127,-1.42147487276,-1.02028781338,0.148737814313,-0.670431762712,0.0499441005803,-1.19192938983,-0.450949864407
218,CTHR219,-1.11243096136,3.21948634307,0.438402902922,1.80824536287,0.211117891683,0.439087389831,-0.0768816247582,0.782758271186,-0.363308135593
219,CCYS220,-1.3473665787,1.4614763902,0.0717290574929,-1.57570625825,-0.570808220503,-0.309221762712,0.190590425532,-0.544489694915,-0.188473118644
220,CSER221,-0.899880254477,-0.0722192554194,-3.32664458058,0.278167898209,0.0,-0.0325248813559,-0.0108335589942,0.794030101695,1.23220386441
221,CTHR222,0.593068840716,-0.00315007540057,0.0980665409991,-0.79386598492,0.0,0.0913196271186,0.0,0.0790162711864,-0.00902342372881
222,CSER223,0.0432241093308,0.0,0.128681149859,0.643257926484,0.0,0.0133128135593,0.0,0.0460967457627,0.0
223,CTHR224,0.236878237512,-1.70025860509,0.431964231857,-1.99896017908,0.0,0.720222610169,0.00155309477756,0.420962711864,-0.125065525424
224,CPRO225,-0.609447200754,-0.363517483506,-0.166257040528,4.46328312912,0.0,-0.0221037966102,0.0,0.517232271186,-0.17899040678
225,CGLY226,-0.681588331762,1.99923326107,1.64020519321,-0.471728501414,0.0777813346228,0.96153579661,0.366334622824,-2.13330576271,0.0270774237288
226,CVAL227,0.497926258247,0.276123543827,-1.21642507069,1.39820986805,-0.113887040619,-0.907784067797,-0.647284719536,4.24243294915,-1.34047030508
227,CTYR228,-6.75757028275,3.87931445806,9.39519941565,-1.05438965127,-2.06363065764,-0.371319762712,1.69929864603,-0.172089694915,0.159749694915
228,CALA229,1.3947598115,-6.117296541,3.76172442978,0.0386580678605,-0.234671276596,0.646503050847,0.0,-0.12317959322,0.0953428813559
229,CARG230,-1.51825570217,-0.287481036758,0.0,0.00205523091423,0.0,0.0,0.0,0.0,0.0
230,CVAL231,0.0574584354383,0.00234325164939,0.0,0.0,0.0,0.0,0.0,0.0,0.0
231,CTHR232,0.0,0.0,0.0,0.0,0.0,0.0,0.0,0.0,0.0
232,CALA233,0.0,0.0,0.0,0.0,0.0,0.0,0.0,0.0,0.0
233,CLEU234,0.0,0.0,0.0,0.0,0.0,0.0,0.0,0.0,0.0
234,CVAL235,0.0,0.0,0.0,0.0,0.0,0.0,0.0,0.0,0.0
235,CASN236,0.0,0.0,0.0,0.0,0.0,0.0,0.0,0.0,0.0
236,CTRP237,0.0,0.0,0.0,0.0,0.0,0.0,0.0,0.0,0.0
237,CVAL238,0.0,0.0,0.0,0.0,0.0,0.0,0.0,0.0,0.0
238,CGLN239,0.0,0.0,0.0,0.0,0.0,0.0,0.0,0.0,0.0
239,CGLN240,0.0,0.0,0.0,0.0,0.0,0.0,0.0,0.0,0.0
240,CTHR241,0.0,0.0,0.0,0.0,0.0,0.0,0.0,0.0,0.0
241,CLEU242,0.0,0.0,0.0,0.0,0.0,0.0,0.0,0.0,0.0
242,CALA243,0.0,0.0,0.0,0.0,0.0,0.0,0.0,0.0,0.0
243,CALA244,0.0,0.0,0.0,0.0,0.0,0.0,0.0,0.0,0.0
244,CASN245,0.0,0.0,0.0,0.0,0.0,0.0,0.0,0.0,0.0
