,RES,ENERGY,CAT
15,ILE16,-6.42135805844,18
16,VAL17,2.51079735156,18
17,ASN18,0.57882462771,18
18,GLY19,0.0492876437323,18
19,GLU20,0.0,18
20,GLU21,0.0,18
21,ALA22,0.0,18
26,TRP27,0.0,18
27,PRO28,0.0,18
28,TRP29,0.0,18
29,GLN30,1.01542004713,18
30,VAL31,-0.743968868992,18
31,SER32,0.00106676720075,18
32,LEU33,-2.7295237983,18
33,GLN34,0.0132424222432,18
34,ASP35,0.00272085768143,18
35,LYS36,0.0,18
36,THR37,0.0,18
37,GLY38,0.0,18
38,PHE39,-0.0764544674835,18
39,HSD40,-1.53998,18
40,PHE41,-1.33241636192,18
41,CYS42,0.436952450518,18
42,GLY43,1.79027735156,18
43,GLY44,-1.71859407163,18
44,SER45,0.506360508954,18
45,LEU46,0.0,18
46,ILE47,0.0,18
51,VAL52,0.0,18
52,VAL53,1.85921754006,18
53,THR54,2.82878573044,18
54,ALA55,0.441255146089,18
55,ALA56,0.873968105561,18
56,HSD57,-3.23987154571,18
57,CYS58,0.247231922714,18
58,GLY59,3.19990644675,18
59,VAL60,-3.22324693685,18
60,THR61,0.0,18
63,ASP64,0.0,18
64,VAL65,0.0,18
65,VAL66,0.0,18
66,VAL67,0.0,18
67,ALA68,0.0,18
68,GLY69,0.0,18
69,GLU70,0.0,18
70,PHE71,0.0,18
71,ASP72,0.0,18
72,GLN73,0.0,18
73,GLY74,0.0,18
74,SER75,0.0,18
75,SER76,0.0,18
76,SER77,0.0,18
79,ILE80,0.0,18
80,GLN81,0.0,18
81,LYS82,0.0,18
82,LEU83,0.0,18
84,ILE85,0.0,18
87,VAL88,0.0,18
89,LYS90,0.0372465032988,18
90,ASN91,0.0,18
92,LYS93,0.0,18
93,TYR94,0.392411687088,18
94,ASN95,-0.521212808671,18
95,SER96,-0.0124021112158,18
96,LEU97,-0.349203166824,18
97,THR98,-0.277778378888,18
98,ILE99,-1.59798489161,18
99,ASN100,-1.22406598492,18
100,ASN101,1.61401576814,18
101,ASP102,-0.346670207352,18
102,ILE103,1.01828427898,18
103,THR104,-2.79947112158,18
105,LEU106,0.0214793119698,18
117,VAL118,0.0,18
135,CYS136,-0.178666295947,18
136,VAL137,0.227241837889,18
137,THR138,-0.552648925542,18
138,THR139,0.0129193685203,18
139,GLY140,-2.85692400566,18
140,TRP141,2.0516534967,18
141,GLY142,3.29687435438,18
142,LEU143,-3.96298478794,18
143,THR144,-3.88101058435,18
144,ARG145,1.4359400754,18
145,TYR146,-0.978949132893,18
148,ALA149,-0.000701545711593,18
149,ASN150,0.135196918002,18
150,THR151,0.289155570217,18
151,PRO152,-0.479639934025,18
152,ASP153,0.0,18
153,ARG154,0.0,18
154,LEU155,-0.686651310085,18
155,GLN156,-0.883112497644,18
156,GLN157,0.398657172479,18
157,ALA158,-0.744778897267,18
158,SER159,-0.151192130066,18
159,LEU160,0.940372214892,18
160,PRO161,-0.965319123468,18
161,LEU162,0.59508393968,18
162,LEU163,0.717657521206,18
164,ASN165,-0.0673875023563,18
166,ASN167,0.0,18
167,CYS168,-0.315001432611,18
168,LYS169,0.0,18
169,LYS170,0.0,18
170,TYR171,0.814003496701,18
171,TRP172,1.45177284637,18
172,GLY173,0.0,18
173,THR174,0.0,18
174,LYS175,0.253139547597,18
175,ILE176,0.222551442036,18
176,LYS177,0.0866543261074,18
177,ASP178,0.0,18
178,ALA179,-0.798276079171,18
179,MET180,-1.22178128181,18
180,ILE181,4.23071333648,18
181,CYS182,-0.593924637135,18
182,ALA183,-1.73150466541,18
183,GLY184,0.86923,18
184,ALA185,-0.116861413761,18
185,SER186,0.622980188501,18
186,GLY187,-0.684782130066,18
187,VAL188,-0.103452309142,18
188,SER189,-1.85202346843,18
189,SER190,-2.22479634307,18
190,CYS191,-2.21579842601,18
191,MET192,-4.93126975495,18
192,GLY193,-4.04386100848,18
193,ASP194,0.010845739868,18
194,SER195,-2.51828715363,18
195,GLY196,0.987760094251,18
196,GLY197,-1.05980554194,18
197,PRO198,-0.0249303016023,18
198,LEU199,1.76016061263,18
199,VAL200,0.00775377002828,18
208,LEU209,0.173686908577,18
209,VAL210,0.00598121583412,18
210,GLY211,2.73144480679,18
211,ILE212,-0.327106032045,18
212,VAL213,-2.4813471442,18
213,SER214,-6.25597017908,18
214,TRP215,-3.94590227144,18
215,GLY216,-2.15136193214,18
216,SER217,-3.96406247879,18
217,SER218,7.51693916117,18
218,THR219,-1.11243096136,18
219,CYS220,-1.3473665787,18
220,SER221,-0.899880254477,18
221,THR222,0.593068840716,18
222,SER223,0.0432241093308,18
223,THR224,0.236878237512,18
224,PRO225,-0.609447200754,18
225,GLY226,-0.681588331762,18
226,VAL227,0.497926258247,18
227,TYR228,-6.75757028275,18
228,ALA229,1.3947598115,18
229,ARG230,-1.51825570217,18
230,VAL231,0.0574584354383,18
15,ILE16,-1.28666741753,28
16,VAL17,1.33591826579,28
17,ASN18,0.0,28
18,GLY19,0.0,28
19,GLU20,0.0,28
20,GLU21,0.0,28
21,ALA22,0.0,28
26,TRP27,0.0,28
27,PRO28,0.0,28
28,TRP29,0.0,28
29,GLN30,0.0,28
30,VAL31,0.0,28
31,SER32,0.0,28
32,LEU33,0.0116981055608,28
33,GLN34,0.0,28
34,ASP35,0.0,28
35,LYS36,0.0,28
36,THR37,0.0,28
37,GLY38,0.0,28
38,PHE39,-0.0263380772856,28
39,HSD40,2.69059494816,28
40,PHE41,-0.231176343073,28
41,CYS42,-0.513355994345,28
42,GLY43,0.0691064373233,28
43,GLY44,0.00620000942507,28
44,SER45,0.0,28
45,LEU46,0.0,28
46,ILE47,0.0,28
51,VAL52,0.0,28
52,VAL53,0.00478073515551,28
53,THR54,-1.05621643732,28
54,ALA55,-3.95139014138,28
55,ALA56,-1.91587085768,28
56,HSD57,-2.69886621112,28
57,CYS58,-0.0102011875589,28
58,GLY59,-0.947818020735,28
59,VAL60,-0.673647049953,28
60,THR61,0.000193298774741,28
63,ASP64,0.0,28
64,VAL65,0.0,28
65,VAL66,0.0,28
66,VAL67,0.0,28
67,ALA68,0.0,28
68,GLY69,0.0,28
69,GLU70,0.0,28
70,PHE71,0.0,28
71,ASP72,0.0,28
72,GLN73,0.0,28
73,GLY74,0.0,28
74,SER75,0.0,28
75,SER76,0.0,28
76,SER77,0.0,28
79,ILE80,0.0,28
80,GLN81,0.0,28
81,LYS82,0.0,28
82,LEU83,0.0,28
84,ILE85,0.0,28
87,VAL88,0.0,28
89,LYS90,0.382231960415,28
90,ASN91,0.136718803016,28
92,LYS93,-0.323081131008,28
93,TYR94,-1.58143621112,28
94,ASN95,0.000804995287465,28
95,SER96,-1.47027592837,28
96,LEU97,-0.878053949105,28
97,THR98,-0.92456001885,28
98,ILE99,-0.833112365693,28
99,ASN100,-0.180552544769,28
100,ASN101,0.387192016965,28
101,ASP102,-1.28820678605,28
102,ILE103,0.205719066918,28
103,THR104,-0.0162374552309,28
105,LEU106,0.0,28
117,VAL118,0.0,28
135,CYS136,0.0,28
136,VAL137,0.0,28
137,THR138,-1.23675983977,28
138,THR139,-0.0759628557964,28
139,GLY140,-0.992422544769,28
140,TRP141,3.33785176249,28
141,GLY142,2.22703049953,28
142,LEU143,-2.01642295947,28
143,THR144,2.05511783223,28
144,ARG145,0.39798998115,28
145,TYR146,0.881313675778,28
148,ALA149,-0.501241036758,28
149,ASN150,0.0222936098021,28
150,THR151,0.0778258246937,28
151,PRO152,-0.0359735061263,28
152,ASP153,0.0,28
153,ARG154,0.0,28
154,LEU155,0.0,28
155,GLN156,0.0,28
156,GLN157,0.0,28
157,ALA158,0.0,28
158,SER159,0.0,28
159,LEU160,0.14081732328,28
160,PRO161,0.0,28
161,LEU162,0.0,28
162,LEU163,0.0,28
164,ASN165,0.00318118755891,28
166,ASN167,0.0,28
167,CYS168,0.0,28
168,LYS169,0.0,28
169,LYS170,0.0,28
170,TYR171,-0.00123848256362,28
171,TRP172,-0.0692591423186,28
172,GLY173,9.38925541942e-05,28
173,THR174,-0.0470451083883,28
174,LYS175,0.1295667295,28
175,ILE176,-0.00410147031103,28
176,LYS177,-0.213586032045,28
177,ASP178,-0.239222780396,28
178,ALA179,-0.0497000471254,28
179,MET180,0.710301687088,28
180,ILE181,-1.67860799246,28
181,CYS182,0.30038472196,28
182,ALA183,-0.030033864279,28
183,GLY184,2.13949104618e-05,28
184,ALA185,0.0,28
185,SER186,0.0,28
186,GLY187,0.0,28
187,VAL188,0.0,28
188,SER189,2.38666406221,28
189,SER190,0.243229877474,28
190,CYS191,-0.326969594722,28
191,MET192,-3.71308995287,28
192,GLY193,-0.12083263902,28
193,ASP194,-1.26241480679,28
194,SER195,1.00339014138,28
195,GLY196,-0.557903468426,28
196,GLY197,-1.45949053723,28
197,PRO198,-0.0121257115928,28
198,LEU199,0.0111048162111,28
199,VAL200,0.0,28
208,LEU209,0.0,28
209,VAL210,0.0,28
210,GLY211,0.574003741753,28
211,ILE212,3.99126562677,28
212,VAL213,1.178736541,28
213,SER214,-3.74106619227,28
214,TRP215,0.309104278982,28
215,GLY216,-0.532210254477,28
216,SER217,0.0180170499529,28
217,SER218,0.248196965127,28
218,THR219,3.21948634307,28
219,CYS220,1.4614763902,28
220,SER221,-0.0722192554194,28
221,THR222,-0.00315007540057,28
222,SER223,0.0,28
223,THR224,-1.70025860509,28
224,PRO225,-0.363517483506,28
225,GLY226,1.99923326107,28
226,VAL227,0.276123543827,28
227,TYR228,3.87931445806,28
228,ALA229,-6.117296541,28
229,ARG230,-0.287481036758,28
230,VAL231,0.00234325164939,28
15,ILE16,-0.322254872762,38
16,VAL17,-0.39815263902,38
17,ASN18,0.0,38
18,GLY19,0.0,38
19,GLU20,0.0,38
20,GLU21,0.0,38
21,ALA22,0.0,38
26,TRP27,0.0,38
27,PRO28,0.0,38
28,TRP29,0.0,38
29,GLN30,0.0,38
30,VAL31,0.0,38
31,SER32,0.0,38
32,LEU33,0.0,38
33,GLN34,0.0,38
34,ASP35,0.0,38
35,LYS36,0.0,38
36,THR37,0.0,38
37,GLY38,0.0,38
38,PHE39,0.0,38
39,HSD40,0.0,38
40,PHE41,-0.11754072573,38
41,CYS42,0.00346098963242,38
42,GLY43,0.0,38
43,GLY44,0.0,38
44,SER45,0.0,38
45,LEU46,0.0,38
46,ILE47,0.0,38
51,VAL52,0.0,38
52,VAL53,0.0,38
53,THR54,0.0,38
54,ALA55,0.0937286050895,38
55,ALA56,-1.0664970688,38
56,HSD57,0.0279889066918,38
57,CYS58,-0.0938501413761,38
58,GLY59,0.00297953817154,38
59,VAL60,0.0,38
60,THR61,0.0,38
63,ASP64,0.0,38
64,VAL65,0.0,38
65,VAL66,0.0,38
66,VAL67,0.0,38
67,ALA68,0.0,38
68,GLY69,0.0,38
69,GLU70,0.0,38
70,PHE71,0.0,38
71,ASP72,0.0,38
72,GLN73,0.0,38
73,GLY74,0.0,38
74,SER75,0.0,38
75,SER76,0.0,38
76,SER77,0.0,38
79,ILE80,0.0,38
80,GLN81,0.0,38
81,LYS82,0.0,38
82,LEU83,0.0,38
84,ILE85,0.0,38
87,VAL88,0.0,38
89,LYS90,0.0,38
90,ASN91,0.0,38
92,LYS93,0.0,38
93,TYR94,-0.159778821866,38
94,ASN95,0.789199227144,38
95,SER96,-0.0199951366635,38
96,LEU97,-0.0581413006598,38
97,THR98,0.197215918944,38
98,ILE99,0.0122088689915,38
99,ASN100,0.731286484449,38
100,ASN101,-0.00657828463713,38
101,ASP102,0.682639302545,38
102,ILE103,0.0,38
103,THR104,0.0,38
105,LEU106,0.0,38
117,VAL118,0.0,38
135,CYS136,0.0,38
136,VAL137,0.0,38
137,THR138,-0.0192299057493,38
138,THR139,0.0,38
139,GLY140,0.0,38
140,TRP141,0.0,38
141,GLY142,0.855310593779,38
142,LEU143,0.296280311027,38
143,THR144,-0.0418784071631,38
144,ARG145,0.0818831291235,38
145,TYR146,-1.25687900094,38
148,ALA149,0.0800702827521,38
149,ASN150,0.00335049010368,38
150,THR151,0.023388529689,38
151,PRO152,0.0,38
152,ASP153,0.0,38
153,ARG154,0.0,38
154,LEU155,0.0,38
155,GLN156,0.0,38
156,GLN157,0.0,38
157,ALA158,0.0,38
158,SER159,0.0,38
159,LEU160,-0.0100890763431,38
160,PRO161,0.0,38
161,LEU162,0.0,38
162,LEU163,0.0,38
164,ASN165,0.0,38
166,ASN167,0.0,38
167,CYS168,0.00466078228087,38
168,LYS169,0.0,38
169,LYS170,0.0,38
170,TYR171,5.07861868049,38
171,TRP172,-2.31874183789,38
172,GLY173,-0.077228671065,38
173,THR174,0.0636365409991,38
174,LYS175,-3.91972761546,38
175,ILE176,1.37320609802,38
176,LYS177,-0.989670556079,38
177,ASP178,0.0,38
178,ALA179,0.0,38
179,MET180,1.93171066918,38
180,ILE181,5.67678763431,38
181,CYS182,-0.252671885014,38
182,ALA183,-0.148496786051,38
183,GLY184,-0.00466934024505,38
184,ALA185,0.0105696512724,38
185,SER186,0.0,38
186,GLY187,0.0,38
187,VAL188,-0.00538342130066,38
188,SER189,-2.16858550424,38
189,SER190,0.587348482564,38
190,CYS191,0.64357267672,38
191,MET192,0.0125316682375,38
192,GLY193,-0.078959066918,38
193,ASP194,0.662482384543,38
194,SER195,-0.460852921772,38
195,GLY196,0.669867021678,38
196,GLY197,-1.11089268615,38
197,PRO198,0.0,38
198,LEU199,0.0,38
199,VAL200,0.0,38
208,LEU209,0.0,38
209,VAL210,0.0,38
210,GLY211,0.0,38
211,ILE212,-4.91119949105,38
212,VAL213,-3.24907802074,38
213,SER214,-0.388109688973,38
214,TRP215,-4.35043957587,38
215,GLY216,-4.38516525919,38
216,SER217,-1.31141751178,38
217,SER218,-1.42147487276,38
218,THR219,0.438402902922,38
219,CYS220,0.0717290574929,38
220,SER221,-3.32664458058,38
221,THR222,0.0980665409991,38
222,SER223,0.128681149859,38
223,THR224,0.431964231857,38
224,PRO225,-0.166257040528,38
225,GLY226,1.64020519321,38
226,VAL227,-1.21642507069,38
227,TYR228,9.39519941565,38
228,ALA229,3.76172442978,38
229,ARG230,0.0,38
230,VAL231,0.0,38
15,ILE16,0.0,48
16,VAL17,0.0221726201697,48
17,ASN18,0.0,48
18,GLY19,0.0,48
19,GLU20,0.0,48
20,GLU21,0.0,48
21,ALA22,0.0,48
26,TRP27,0.0,48
27,PRO28,0.0,48
28,TRP29,0.0,48
29,GLN30,0.0,48
30,VAL31,0.0,48
31,SER32,0.0,48
32,LEU33,0.0,48
33,GLN34,0.0,48
34,ASP35,0.0,48
35,LYS36,0.0,48
36,THR37,0.0,48
37,GLY38,0.0,48
38,PHE39,0.0,48
39,HSD40,0.0,48
40,PHE41,0.0,48
41,CYS42,0.0,48
42,GLY43,0.0,48
43,GLY44,0.0,48
44,SER45,0.0,48
45,LEU46,0.0,48
46,ILE47,0.0,48
51,VAL52,0.0,48
52,VAL53,0.0,48
53,THR54,0.0,48
54,ALA55,0.0158875306315,48
55,ALA56,0.132263393025,48
56,HSD57,0.830139057493,48
57,CYS58,0.0348831291235,48
58,GLY59,0.00255667295005,48
59,VAL60,0.0,48
60,THR61,0.0,48
63,ASP64,0.0,48
64,VAL65,0.0,48
65,VAL66,0.0,48
66,VAL67,0.0,48
67,ALA68,0.0,48
68,GLY69,0.0,48
69,GLU70,0.0,48
70,PHE71,0.0,48
71,ASP72,0.0,48
72,GLN73,0.0,48
73,GLY74,0.0,48
74,SER75,0.0,48
75,SER76,0.0,48
76,SER77,0.0,48
79,ILE80,0.0,48
80,GLN81,0.0,48
81,LYS82,0.0,48
82,LEU83,0.0,48
84,ILE85,0.0,48
87,VAL88,0.0,48
89,LYS90,0.0,48
90,ASN91,0.0,48
92,LYS93,0.0,48
93,TYR94,0.528834373233,48
94,ASN95,0.123511244109,48
95,SER96,1.30740573987,48
96,LEU97,0.276091583412,48
97,THR98,-0.267820622055,48
98,ILE99,-0.822953949105,48
99,ASN100,0.505344995287,48
100,ASN101,0.179459038643,48
101,ASP102,-2.59124509896,48
102,ILE103,-0.00688728557964,48
103,THR104,0.0,48
105,LEU106,0.0,48
117,VAL118,0.0,48
135,CYS136,0.0,48
136,VAL137,0.0,48
137,THR138,0.0,48
138,THR139,0.0,48
139,GLY140,0.0,48
140,TRP141,0.0,48
141,GLY142,0.0,48
142,LEU143,-0.0781622808671,48
143,THR144,0.0,48
144,ARG145,0.0,48
145,TYR146,0.392473242224,48
148,ALA149,0.0,48
149,ASN150,0.0,48
150,THR151,0.0,48
151,PRO152,0.0,48
152,ASP153,0.0,48
153,ARG154,0.0,48
154,LEU155,0.0,48
155,GLN156,0.0,48
156,GLN157,0.0,48
157,ALA158,0.0,48
158,SER159,0.0,48
159,LEU160,0.0,48
160,PRO161,0.0,48
161,LEU162,0.0,48
162,LEU163,0.00152152686145,48
164,ASN165,-0.133435937795,48
166,ASN167,-0.00515809613572,48
167,CYS168,-1.94965595664,48
168,LYS169,-1.06873562677,48
169,LYS170,-0.148863100848,48
170,TYR171,-2.23661438266,48
171,TRP172,-2.90224024505,48
172,GLY173,-0.06475466541,48
173,THR174,-0.603068821866,48
174,LYS175,4.95363847314,48
175,ILE176,0.973828586239,48
176,LYS177,0.117482365693,48
177,ASP178,-0.277073147974,48
178,ALA179,-0.0633054099906,48
179,MET180,0.447339443921,48
180,ILE181,-0.967072752121,48
181,CYS182,-0.00244901979265,48
182,ALA183,0.503043100848,48
183,GLY184,0.000876314797361,48
184,ALA185,0.0148568237512,48
185,SER186,0.0,48
186,GLY187,0.0,48
187,VAL188,0.0,48
188,SER189,-0.200156644675,48
189,SER190,-0.964317615457,48
190,CYS191,-4.2422933836,48
191,MET192,0.401521225259,48
192,GLY193,-0.338863854854,48
193,ASP194,0.173037455231,48
194,SER195,0.346460951932,48
195,GLY196,0.0271776343073,48
196,GLY197,0.0,48
197,PRO198,0.0,48
198,LEU199,0.0,48
199,VAL200,0.0,48
208,LEU209,0.0,48
209,VAL210,0.0,48
210,GLY211,0.0,48
211,ILE212,-0.703274382658,48
212,VAL213,1.89893572102,48
213,SER214,-0.917855362865,48
214,TRP215,-3.21951418473,48
215,GLY216,-2.86626857681,48
216,SER217,-0.0831529783223,48
217,SER218,-1.02028781338,48
218,THR219,1.80824536287,48
219,CYS220,-1.57570625825,48
220,SER221,0.278167898209,48
221,THR222,-0.79386598492,48
222,SER223,0.643257926484,48
223,THR224,-1.99896017908,48
224,PRO225,4.46328312912,48
225,GLY226,-0.471728501414,48
226,VAL227,1.39820986805,48
227,TYR228,-1.05438965127,48
228,ALA229,0.0386580678605,48
229,ARG230,0.00205523091423,48
230,VAL231,0.0,48
15,ILE16,-4.01952676708,17
16,VAL17,0.838916586517,17
17,ASN18,1.52506942655,17
18,GLY19,-1.08941982125,17
19,GLU20,4.48734234643e-05,17
20,GLU21,0.0,17
21,ALA22,0.0,17
26,TRP27,0.0,17
27,PRO28,0.0,17
28,TRP29,0.0,17
29,GLN30,0.490790486344,17
30,VAL31,-0.21811407767,17
31,SER32,0.0370815715452,17
32,LEU33,0.303628618093,17
33,GLN34,0.00220515833409,17
34,ASP35,0.144940282189,17
35,LYS36,0.0,17
36,THR37,0.0,17
37,GLY38,0.0,17
38,PHE39,-0.0650251837401,17
39,HSD40,0.598609245985,17
40,PHE41,-0.0019195082116,17
41,CYS42,0.264047845023,17
42,GLY43,-0.398298266945,17
43,GLY44,1.12510521278,17
44,SER45,0.132090264041,17
45,LEU46,0.0,17
46,ILE47,0.0,17
51,VAL52,0.0,17
52,VAL53,-0.302036298884,17
53,THR54,0.122579670629,17
54,ALA55,-0.609305607477,17
55,ALA56,-0.706360906451,17
56,HSD57,-3.42730018147,17
57,CYS58,0.0813636829689,17
58,GLY59,-0.33886419109,17
59,VAL60,0.128649169767,17
60,THR61,0.0,17
63,ASP64,0.0,17
64,VAL65,0.0,17
65,VAL66,0.0,17
66,VAL67,0.0,17
67,ALA68,0.0,17
68,GLY69,0.0,17
69,GLU70,0.0,17
70,PHE71,0.0,17
71,ASP72,0.0,17
72,GLN73,0.0,17
73,GLY74,0.0,17
74,SER75,0.0,17
75,SER76,0.0,17
76,SER77,0.0,17
79,ILE80,0.0,17
80,GLN81,0.0,17
81,LYS82,0.0,17
82,LEU83,0.0,17
84,ILE85,0.0,17
87,VAL88,0.0,17
89,LYS90,0.1254662145,17
90,ASN91,0.0,17
92,LYS93,0.0,17
93,TYR94,0.271587101896,17
94,ASN95,-0.288700653298,17
95,SER96,-0.31387468923,17
96,LEU97,-0.163065552128,17
97,THR98,0.0750053670266,17
98,ILE99,0.514654713728,17
99,ASN100,-0.218882977951,17
100,ASN101,0.298965261773,17
101,ASP102,-1.97696155521,17
102,ILE103,0.162481517104,17
103,THR104,0.31109653389,17
105,LEU106,0.0,17
117,VAL118,0.0,17
135,CYS136,-0.12381170039,17
136,VAL137,0.0257332637692,17
137,THR138,-0.336633372652,17
138,THR139,1.64923166228,17
139,GLY140,-0.800157104618,17
140,TRP141,-1.06934715997,17
141,GLY142,0.592202032483,17
142,LEU143,-0.0993849968242,17
143,THR144,-3.2012711097,17
144,ARG145,0.521926957626,17
145,TYR146,-0.566464930587,17
148,ALA149,0.188763120406,17
149,ASN150,-0.141150258597,17
150,THR151,-0.550360951819,17
151,PRO152,-1.1458227747,17
152,ASP153,0.00275307594592,17
153,ARG154,-0.0015607113692,17
154,LEU155,-0.359056292532,17
155,GLN156,1.35258584067,17
156,GLN157,0.00471067053806,17
157,ALA158,-0.0286817757009,17
158,SER159,-0.120677152708,17
159,LEU160,0.441834452409,17
160,PRO161,-0.153374367117,17
161,LEU162,0.1331455857,17
162,LEU163,0.0744545776245,17
164,ASN165,0.0,17
166,ASN167,0.0,17
167,CYS168,-0.214401342891,17
168,LYS169,0.0,17
169,LYS170,0.0,17
170,TYR171,-0.031073078668,17
171,TRP172,-1.00344510934,17
172,GLY173,0.0,17
173,THR174,0.0,17
174,LYS175,0.369769766809,17
175,ILE176,0.0534723890754,17
176,LYS177,0.0756469966428,17
177,ASP178,0.0,17
178,ALA179,-0.125422969785,17
179,MET180,0.99067040196,17
180,ILE181,0.223154736412,17
181,CYS182,0.650042659468,17
182,ALA183,-0.229664413393,17
183,GLY184,-0.661042781962,17
184,ALA185,0.209673178477,17
185,SER186,0.219870120679,17
186,GLY187,-0.339583104981,17
187,VAL188,-0.669841625079,17
188,SER189,-1.07491150077,17
189,SER190,-4.7052232919,17
190,CYS191,-1.47964025497,17
191,MET192,-2.28455932311,17
192,GLY193,-1.67081281644,17
193,ASP194,2.58125238635,17
194,SER195,0.61426252155,17
195,GLY196,0.0228146538427,17
196,GLY197,-1.21109383903,17
197,PRO198,1.19033208874,17
198,LEU199,0.540092972507,17
199,VAL200,0.0942357590055,17
208,LEU209,0.119813560475,17
209,VAL210,0.140720270393,17
210,GLY211,0.671252413574,17
211,ILE212,-0.715881285727,17
212,VAL213,-1.98144303602,17
213,SER214,-1.88316469921,17
214,TRP215,-1.54265798022,17
215,GLY216,-2.09792510208,17
216,SER217,-1.80364993195,17
217,SER218,-1.15968078668,17
218,THR219,-0.0646539651574,17
219,CYS220,0.354294329008,17
220,SER221,1.6220601352,17
221,THR222,0.498683440704,17
222,SER223,-0.191764290899,17
223,THR224,2.03777636331,17
224,PRO225,-0.844980478178,17
225,GLY226,-0.712476885038,17
226,VAL227,0.510053824517,17
227,TYR228,0.569080369295,17
228,ALA229,0.410993172126,17
229,ARG230,-0.593521028037,17
230,VAL231,0.00376718991017,17
15,ILE16,-0.712131190455,27
16,VAL17,-0.0447552717539,27
17,ASN18,-0.0158351420016,27
18,GLY19,-0.0106269349424,27
19,GLU20,0.0,27
20,GLU21,0.0,27
21,ALA22,0.0,27
26,TRP27,0.0,27
27,PRO28,0.0,27
28,TRP29,0.0,27
29,GLN30,0.0695816668179,27
30,VAL31,-0.123917149079,27
31,SER32,0.318328209781,27
32,LEU33,-0.402191888213,27
33,GLN34,-0.0280421105163,27
34,ASP35,-0.939188254242,27
35,LYS36,0.536722076037,27
36,THR37,0.0939688594501,27
37,GLY38,-0.0354731966246,27
38,PHE39,0.159071195899,27
39,HSD40,0.646208306869,27
40,PHE41,0.0458086108339,27
41,CYS42,-0.603301941748,27
42,GLY43,-1.27318099537,27
43,GLY44,-0.0492834180201,27
44,SER45,0.00203492423555,27
45,LEU46,0.0,27
46,ILE47,0.0,27
51,VAL52,0.0,27
52,VAL53,-0.0498968060975,27
53,THR54,0.240621291171,27
54,ALA55,-0.36874786317,27
55,ALA56,-0.0597477179929,27
56,HSD57,-1.47089392523,27
57,CYS58,-0.17724592596,27
58,GLY59,-0.382371631431,27
59,VAL60,0.037363769168,27
60,THR61,0.0177628436621,27
63,ASP64,-0.783669399329,27
64,VAL65,0.0,27
65,VAL66,0.00300778967426,27
66,VAL67,0.0,27
67,ALA68,0.0,27
68,GLY69,0.0,27
69,GLU70,0.0,27
70,PHE71,0.0,27
71,ASP72,0.0,27
72,GLN73,0.0,27
73,GLY74,0.0,27
74,SER75,0.0,27
75,SER76,0.0,27
76,SER77,0.0,27
79,ILE80,0.0,27
80,GLN81,0.0,27
81,LYS82,0.0,27
82,LEU83,0.0,27
84,ILE85,0.0,27
87,VAL88,0.0,27
89,LYS90,0.498814658379,27
90,ASN91,0.0,27
92,LYS93,0.0,27
93,TYR94,-0.193400362943,27
94,ASN95,-0.158227896743,27
95,SER96,0.1591014427,27
96,LEU97,-0.157766141911,27
97,THR98,0.0280159695127,27
98,ILE99,-0.616251687687,27
99,ASN100,-0.053902304691,27
100,ASN101,0.010252767444,27
101,ASP102,-4.69266948099,27
102,ILE103,-0.117457494783,27
103,THR104,-0.332472593231,27
105,LEU106,0.0,27
117,VAL118,0.0,27
135,CYS136,0.0,27
136,VAL137,0.0,27
137,THR138,0.441232982488,27
138,THR139,-0.545602753834,27
139,GLY140,1.77713113601,27
140,TRP141,0.955064694674,27
141,GLY142,1.02421439071,27
142,LEU143,-1.45910225479,27
143,THR144,-1.67820560748,27
144,ARG145,0.169714186553,27
145,TYR146,3.0510922693,27
148,ALA149,-0.0127935985845,27
149,ASN150,0.022155466836,27
150,THR151,-0.290350662372,27
151,PRO152,-0.391183476998,27
152,ASP153,0.0,27
153,ARG154,0.0,27
154,LEU155,0.00110259050903,27
155,GLN156,-0.250270742219,27
156,GLN157,0.0,27
157,ALA158,0.0,27
158,SER159,0.0,27
159,LEU160,0.0,27
160,PRO161,0.0,27
161,LEU162,0.0,27
162,LEU163,0.0,27
164,ASN165,0.0,27
166,ASN167,0.0,27
167,CYS168,0.0,27
168,LYS169,0.0,27
169,LYS170,0.0,27
170,TYR171,0.0,27
171,TRP172,-0.538307054714,27
172,GLY173,0.0,27
173,THR174,0.0,27
174,LYS175,0.0278842709373,27
175,ILE176,-0.0177145857908,27
176,LYS177,0.000452223028763,27
177,ASP178,0.0,27
178,ALA179,0.0,27
179,MET180,0.26382051538,27
180,ILE181,-0.000116427728881,27
181,CYS182,-0.00380822520642,27
182,ALA183,0.0,27
183,GLY184,0.0,27
184,ALA185,0.0,27
185,SER186,0.0,27
186,GLY187,0.0,27
187,VAL188,-0.354041561564,27
188,SER189,0.5224975955,27
189,SER190,1.35817621359,27
190,CYS191,-1.77595386988,27
191,MET192,-2.26442467562,27
192,GLY193,-0.0654154840759,27
193,ASP194,0.239796211778,27
194,SER195,-0.424898874875,27
195,GLY196,-1.46457391344,27
196,GLY197,-0.393327066509,27
197,PRO198,-0.0607703202976,27
198,LEU199,0.0,27
199,VAL200,0.0,27
208,LEU209,0.0,27
209,VAL210,0.0,27
210,GLY211,5.76762544234e-05,27
211,ILE212,0.050501624172,27
212,VAL213,-0.0797607249796,27
213,SER214,-0.195394025043,27
214,TRP215,-0.748823314581,27
215,GLY216,0.520195485891,27
216,SER217,0.147876776155,27
217,SER218,-0.418759740495,27
218,THR219,0.0904808864894,27
219,CYS220,0.173740858361,27
220,SER221,-0.179704827148,27
221,THR222,0.114109545413,27
222,SER223,-0.000822956174576,27
223,THR224,0.392116092006,27
224,PRO225,-0.243222448054,27
225,GLY226,0.59567673986,27
226,VAL227,-0.845755516741,27
227,TYR228,-0.304426753471,27
228,ALA229,0.716248126304,27
229,ARG230,0.0,27
230,VAL231,0.0,27
15,ILE16,0.174397872244,37
16,VAL17,-0.114269317666,37
17,ASN18,0.0,37
18,GLY19,0.0,37
19,GLU20,0.0,37
20,GLU21,0.0,37
21,ALA22,0.0,37
26,TRP27,0.0,37
27,PRO28,0.0,37
28,TRP29,0.0,37
29,GLN30,0.0,37
30,VAL31,0.0,37
31,SER32,-0.000598811360131,37
32,LEU33,0.142179856637,37
33,GLN34,0.000730564377098,37
34,ASP35,-0.914803715634,37
35,LYS36,0.0,37
36,THR37,0.0,37
37,GLY38,0.0,37
38,PHE39,0.0249194673805,37
39,HSD40,-0.715588163506,37
40,PHE41,-0.0109628663461,37
41,CYS42,0.828390019055,37
42,GLY43,-0.414144487796,37
43,GLY44,-0.000179906542056,37
44,SER45,0.0,37
45,LEU46,0.0,37
46,ILE47,0.0,37
51,VAL52,0.0,37
52,VAL53,0.0,37
53,THR54,0.0446571635968,37
54,ALA55,-0.528435468651,37
55,ALA56,-0.31909964613,37
56,HSD57,-1.10911004446,37
57,CYS58,0.185976658198,37
58,GLY59,0.00585316668179,37
59,VAL60,0.360552908085,37
60,THR61,0.0,37
63,ASP64,0.0,37
64,VAL65,0.0,37
65,VAL66,0.0,37
66,VAL67,0.0,37
67,ALA68,0.0,37
68,GLY69,0.0,37
69,GLU70,0.0,37
70,PHE71,0.0,37
71,ASP72,0.0,37
72,GLN73,0.0,37
73,GLY74,0.0,37
74,SER75,0.0,37
75,SER76,0.0,37
76,SER77,0.0,37
79,ILE80,0.0,37
80,GLN81,0.0,37
81,LYS82,0.0,37
82,LEU83,0.0,37
84,ILE85,0.0,37
87,VAL88,0.0,37
89,LYS90,0.0,37
90,ASN91,0.0,37
92,LYS93,0.0,37
93,TYR94,0.0,37
94,ASN95,0.303097223482,37
95,SER96,0.0977595454133,37
96,LEU97,0.174376254423,37
97,THR98,-0.33048256964,37
98,ILE99,-0.618374802649,37
99,ASN100,0.401804691044,37
100,ASN101,0.0707072044279,37
101,ASP102,2.49077640414,37
102,ILE103,0.457151116051,37
103,THR104,-0.107211038018,37
105,LEU106,0.0,37
117,VAL118,0.0,37
135,CYS136,0.0,37
136,VAL137,0.0,37
137,THR138,0.0,37
138,THR139,-0.00164406587424,37
139,GLY140,0.0290697214409,37
140,TRP141,0.140448920243,37
141,GLY142,0.15630500862,37
142,LEU143,0.443928554578,37
143,THR144,-0.242111478087,37
144,ARG145,0.270029588967,37
145,TYR146,-1.87717283822,37
148,ALA149,0.645686720806,37
149,ASN150,-0.0280886761637,37
150,THR151,0.179936562018,37
151,PRO152,0.0,37
152,ASP153,0.0,37
153,ARG154,0.0,37
154,LEU155,0.0,37
155,GLN156,0.0,37
156,GLN157,0.0,37
157,ALA158,0.0,37
158,SER159,0.0,37
159,LEU160,0.0,37
160,PRO161,0.0,37
161,LEU162,0.0,37
162,LEU163,0.0,37
164,ASN165,0.0,37
166,ASN167,0.0,37
167,CYS168,0.0,37
168,LYS169,0.0,37
169,LYS170,0.0,37
170,TYR171,0.0,37
171,TRP172,0.184019186099,37
172,GLY173,0.0,37
173,THR174,0.0,37
174,LYS175,-0.830168773251,37
175,ILE176,-0.0113441429997,37
176,LYS177,0.0,37
177,ASP178,0.0,37
178,ALA179,0.0,37
179,MET180,-0.0197394201978,37
180,ILE181,0.0,37
181,CYS182,-0.00727934851647,37
182,ALA183,0.0,37
183,GLY184,0.0,37
184,ALA185,0.0,37
185,SER186,0.0,37
186,GLY187,0.0,37
187,VAL188,0.0601640232284,37
188,SER189,-0.350153656655,37
189,SER190,-1.56751929498,37
190,CYS191,-0.125324897922,37
191,MET192,-0.378286938572,37
192,GLY193,-0.309664390709,37
193,ASP194,-0.460619848471,37
194,SER195,-0.613906773433,37
195,GLY196,0.375823931585,37
196,GLY197,0.54176072498,37
197,PRO198,0.0,37
198,LEU199,0.0,37
199,VAL200,0.0,37
208,LEU209,0.0,37
209,VAL210,0.0,37
210,GLY211,0.0,37
211,ILE212,-0.210086126486,37
212,VAL213,-1.43018276926,37
213,SER214,0.454174172035,37
214,TRP215,-0.0512391978949,37
215,GLY216,0.311357807821,37
216,SER217,-0.443594433355,37
217,SER218,-1.27679951456,37
218,THR219,0.319095667362,37
219,CYS220,-0.583531807458,37
220,SER221,0.892156532982,37
221,THR222,0.166495100263,37
222,SER223,0.0434967198984,37
223,THR224,0.472630083477,37
224,PRO225,0.707041239452,37
225,GLY226,-0.711702867253,37
226,VAL227,1.47031131023,37
227,TYR228,-0.151128400327,37
228,ALA229,-0.512762907177,37
229,ARG230,0.0,37
230,VAL231,0.0,37
15,ILE16,0.0251517693494,47
16,VAL17,0.0,47
17,ASN18,0.0,47
18,GLY19,0.0,47
19,GLU20,0.0,47
20,GLU21,0.0,47
21,ALA22,0.0,47
26,TRP27,0.0,47
27,PRO28,0.0,47
28,TRP29,0.0,47
29,GLN30,0.0,47
30,VAL31,0.0,47
31,SER32,0.0,47
32,LEU33,0.0,47
33,GLN34,0.0,47
34,ASP35,0.0,47
35,LYS36,0.0,47
36,THR37,0.0,47
37,GLY38,0.0,47
38,PHE39,0.0,47
39,HSD40,0.0446792668542,47
40,PHE41,0.11964308139,47
41,CYS42,0.0621921967154,47
42,GLY43,-0.0514875374285,47
43,GLY44,0.0,47
44,SER45,0.0,47
45,LEU46,0.0,47
46,ILE47,0.0,47
51,VAL52,0.0,47
52,VAL53,0.0,47
53,THR54,-0.0870656428636,47
54,ALA55,0.0914661918156,47
55,ALA56,0.41611968061,47
56,HSD57,-0.182866255331,47
57,CYS58,0.00877562380909,47
58,GLY59,-0.100549319481,47
59,VAL60,-0.158663868977,47
60,THR61,0.0,47
63,ASP64,0.0,47
64,VAL65,0.0,47
65,VAL66,0.0,47
66,VAL67,0.0,47
67,ALA68,0.0,47
68,GLY69,0.0,47
69,GLU70,0.0,47
70,PHE71,0.0,47
71,ASP72,0.0,47
72,GLN73,0.0,47
73,GLY74,0.0,47
74,SER75,0.0,47
75,SER76,0.0,47
76,SER77,0.0,47
79,ILE80,0.0,47
80,GLN81,0.0,47
81,LYS82,0.0,47
82,LEU83,0.0,47
84,ILE85,0.0,47
87,VAL88,0.0,47
89,LYS90,0.0,47
90,ASN91,0.0,47
92,LYS93,0.0,47
93,TYR94,0.0,47
94,ASN95,-0.170863841757,47
95,SER96,-0.799882129571,47
96,LEU97,-0.489154101261,47
97,THR98,-0.348342636784,47
98,ILE99,-1.36849684693,47
99,ASN100,-1.11512900826,47
100,ASN101,0.0999043734688,47
101,ASP102,-0.123843653026,47
102,ILE103,-0.414947214409,47
103,THR104,0.0,47
105,LEU106,0.0,47
117,VAL118,0.0,47
135,CYS136,0.0,47
136,VAL137,0.0,47
137,THR138,0.0,47
138,THR139,0.0,47
139,GLY140,0.000178309590781,47
140,TRP141,0.00152620905544,47
141,GLY142,-0.0147996869613,47
142,LEU143,-0.145456065693,47
143,THR144,0.0,47
144,ARG145,0.0,47
145,TYR146,-0.147559518193,47
148,ALA149,0.0,47
149,ASN150,0.0,47
150,THR151,0.0,47
151,PRO152,0.0,47
152,ASP153,0.0,47
153,ARG154,0.0,47
154,LEU155,0.0,47
155,GLN156,0.0,47
156,GLN157,0.0,47
157,ALA158,0.0,47
158,SER159,0.0,47
159,LEU160,0.0,47
160,PRO161,0.0,47
161,LEU162,0.0,47
162,LEU163,0.0,47
164,ASN165,0.0,47
166,ASN167,0.0,47
167,CYS168,0.0,47
168,LYS169,0.0,47
169,LYS170,0.0,47
170,TYR171,-0.0155012975229,47
171,TRP172,-0.167016296162,47
172,GLY173,-0.0211605571182,47
173,THR174,-0.0589818482896,47
174,LYS175,2.52107505671,47
175,ILE176,0.0284446783413,47
176,LYS177,0.546088295073,47
177,ASP178,0.0,47
178,ALA179,0.0,47
179,MET180,0.084366073859,47
180,ILE181,0.0,47
181,CYS182,-0.00412506124671,47
182,ALA183,0.0,47
183,GLY184,0.0,47
184,ALA185,0.0,47
185,SER186,0.0,47
186,GLY187,0.0,47
187,VAL188,0.0,47
188,SER189,-0.148137768805,47
189,SER190,1.06100482715,47
190,CYS191,-1.0350288903,47
191,MET192,-0.158492101443,47
192,GLY193,-0.0470424870701,47
193,ASP194,0.0230043144905,47
194,SER195,1.25509982307,47
195,GLY196,-0.594928146266,47
196,GLY197,-0.0499526540241,47
197,PRO198,0.0,47
198,LEU199,0.0,47
199,VAL200,0.0,47
208,LEU209,0.0,47
209,VAL210,0.0,47
210,GLY211,0.0,47
211,ILE212,-0.0670247890391,47
212,VAL213,1.12163319572,47
213,SER214,0.40419523183,47
214,TRP215,-0.531003611288,47
215,GLY216,-1.31454457853,47
216,SER217,-0.366059899283,47
217,SER218,-0.707464590328,47
218,THR219,-0.365581857363,47
219,CYS220,-0.0125974412485,47
220,SER221,0.963432043372,47
221,THR222,0.157156528446,47
222,SER223,0.0,47
223,THR224,-0.0173080210507,47
224,PRO225,-0.0311668768714,47
225,GLY226,0.0675176072952,47
226,VAL227,0.0655774294529,47
227,TYR228,0.0652699936485,47
228,ALA229,0.0853532801016,47
229,ARG230,0.0,47
230,VAL231,0.0,47
15,ILE16,-2.25214017467,11
16,VAL17,1.37691207385,11
17,ASN18,-0.494360959166,11
18,GLY19,0.812753359381,11
19,GLU20,0.0,11
20,GLU21,0.0,11
21,ALA22,0.0,11
26,TRP27,0.0,11
27,PRO28,0.0,11
28,TRP29,0.0,11
29,GLN30,0.843771339922,11
30,VAL31,-1.1927144258,11
31,SER32,0.171380594499,11
32,LEU33,1.78012354248,11
33,GLN34,-0.361220730866,11
34,ASP35,0.898003531755,11
35,LYS36,0.173289128936,11
36,THR37,0.0,11
37,GLY38,0.0,11
38,PHE39,-0.417798061748,11
39,HSD40,2.44171605761,11
40,PHE41,-2.68064322378,11
41,CYS42,-1.75401327664,11
42,GLY43,3.48583861947,11
43,GLY44,1.87231607293,11
44,SER45,0.655265747338,11
45,LEU46,0.0,11
46,ILE47,0.0,11
51,VAL52,0.00784029724967,11
52,VAL53,-0.185388753543,11
53,THR54,-0.132918195051,11
54,ALA55,0.373895434,11
55,ALA56,-0.768173852754,11
56,HSD57,-9.88648254041,11
57,CYS58,-0.993373316479,11
58,GLY59,0.128403845859,11
59,VAL60,0.0657185014939,11
60,THR61,0.140746855129,11
63,ASP64,-0.187869769402,11
64,VAL65,0.0,11
65,VAL66,0.0,11
66,VAL67,0.0,11
67,ALA68,0.0,11
68,GLY69,0.0,11
69,GLU70,0.0,11
70,PHE71,0.0,11
71,ASP72,0.0,11
72,GLN73,0.0,11
73,GLY74,0.0,11
74,SER75,0.0,11
75,SER76,0.0,11
76,SER77,0.0,11
79,ILE80,0.0,11
80,GLN81,0.0,11
81,LYS82,0.0,11
82,LEU83,0.0,11
84,ILE85,0.0,11
87,VAL88,0.00649874358385,11
89,LYS90,2.34331496208,11
90,ASN91,3.47506320386e-05,11
92,LYS93,0.0,11
93,TYR94,-0.293780211446,11
94,ASN95,-1.52880114916,11
95,SER96,-0.572736144948,11
96,LEU97,-1.22307546924,11
97,THR98,0.41079329656,11
98,ILE99,-0.694766229985,11
99,ASN100,-1.40541313874,11
100,ASN101,1.07487326285,11
101,ASP102,4.78306526469,11
102,ILE103,8.40030563089,11
103,THR104,0.935692346587,11
105,LEU106,0.479490837355,11
117,VAL118,0.0,11
135,CYS136,0.0,11
136,VAL137,-0.274666674328,11
137,THR138,-0.973578916724,11
138,THR139,-0.69405071631,11
139,GLY140,0.984075086187,11
140,TRP141,3.0671699073,11
141,GLY142,-0.188397992799,11
142,LEU143,1.61787289512,11
143,THR144,0.335745813223,11
144,ARG145,-0.821318271662,11
145,TYR146,0.0828644066498,11
148,ALA149,-1.12917942236,11
149,ASN150,-0.109309829158,11
150,THR151,0.182897510151,11
151,PRO152,0.247877307899,11
152,ASP153,0.0,11
153,ARG154,-0.000250111085574,11
154,LEU155,0.403910457366,11
155,GLN156,0.500208365893,11
156,GLN157,0.227937845706,11
157,ALA158,0.760714096376,11
158,SER159,0.0,11
159,LEU160,-0.370505071631,11
160,PRO161,0.0,11
161,LEU162,0.0,11
162,LEU163,0.0,11
164,ASN165,0.0,11
166,ASN167,0.0,11
167,CYS168,0.00194341530683,11
168,LYS169,0.0,11
169,LYS170,0.0,11
170,TYR171,0.906662276871,11
171,TRP172,-1.43153134145,11
172,GLY173,0.0260069409331,11
173,THR174,0.0,11
174,LYS175,0.199806182487,11
175,ILE176,0.224225656937,11
176,LYS177,0.0426541484716,11
177,ASP178,0.0,11
178,ALA179,-0.0375139967823,11
179,MET180,0.339256515744,11
180,ILE181,1.16969888148,11
181,CYS182,0.342945407186,11
182,ALA183,0.40306533364,11
183,GLY184,-0.298030537041,11
184,ALA185,0.650596192446,11
185,SER186,0.0,11
186,GLY187,0.0,11
187,VAL188,0.0424592277637,11
188,SER189,0.645267907761,11
189,SER190,0.0788609285222,11
190,CYS191,-0.154799249215,11
191,MET192,-3.93335188079,11
192,GLY193,-2.62700959166,11
193,ASP194,2.67722716617,11
194,SER195,-4.11380158584,11
195,GLY196,1.24345921244,11
196,GLY197,-1.11315402589,11
197,PRO198,2.80824785107,11
198,LEU199,-0.0192987206006,11
199,VAL200,0.0219707576802,11
208,LEU209,0.0911786409255,11
209,VAL210,0.0,11
210,GLY211,1.53270999004,11
211,ILE212,0.90757938405,11
212,VAL213,-1.90753706428,11
213,SER214,-3.69104423504,11
214,TRP215,-6.34075840037,11
215,GLY216,-2.24025221022,11
216,SER217,0.766039561787,11
217,SER218,-0.8914517812,11
218,THR219,0.23577382211,11
219,CYS220,-1.54781833295,11
220,SER221,1.35166534896,11
221,THR222,-0.237922523558,11
222,SER223,0.0952732781736,11
223,THR224,-0.160029724967,11
224,PRO225,-1.72377065043,11
225,GLY226,6.52638209607,11
226,VAL227,2.96934043515,11
227,TYR228,-3.93768113077,11
228,ALA229,6.13139494369,11
229,ARG230,-0.292586416916,11
230,VAL231,0.00128775760362,11
15,ILE16,-4.86529777563,12
16,VAL17,5.38892688588,12
17,ASN18,0.138521083172,12
18,GLY19,0.367137814313,12
19,GLU20,-0.876498549323,12
20,GLU21,0.13595212766,12
21,ALA22,0.231966924565,12
26,TRP27,1.05564139265,12
27,PRO28,-0.896427562863,12
28,TRP29,-1.12180125725,12
29,GLN30,1.56639903288,12
30,VAL31,-1.53152108317,12
31,SER32,-2.29984439072,12
32,LEU33,-0.593935880077,12
33,GLN34,1.10297398453,12
34,ASP35,-5.23040783366,12
35,LYS36,-0.0504315280464,12
36,THR37,0.912112282398,12
37,GLY38,0.0482315280464,12
38,PHE39,-0.694643617021,12
39,HSD40,-3.48231286267,12
40,PHE41,-1.88280435203,12
41,CYS42,-3.30590106383,12
42,GLY43,-2.4248155706,12
43,GLY44,1.64635783366,12
44,SER45,0.448952224371,12
45,LEU46,0.253004255319,12
46,ILE47,0.0030670212766,12
51,VAL52,-0.381934526112,12
52,VAL53,0.801778916828,12
53,THR54,4.72461411992,12
54,ALA55,-2.55601025145,12
55,ALA56,-1.07418056093,12
56,HSD57,2.44764042553,12
57,CYS58,-0.489457930368,12
58,GLY59,-0.66818655706,12
59,VAL60,-1.79902862669,12
60,THR61,0.068530754352,12
63,ASP64,-1.21125880077,12
64,VAL65,3.09068549323,12
65,VAL66,-1.7697811412,12
66,VAL67,1.07256005803,12
67,ALA68,-0.373650580271,12
68,GLY69,-1.06449284333,12
69,GLU70,2.45350067698,12
70,PHE71,0.049851450677,12
71,ASP72,0.187593713733,12
72,GLN73,0.517124371373,12
73,GLY74,-0.149620019342,12
74,SER75,0.381145261122,12
75,SER76,0.0,12
76,SER77,0.300209477756,12
79,ILE80,0.259741876209,12
80,GLN81,-0.525144487427,12
81,LYS82,0.438092263056,12
82,LEU83,0.0398278529981,12
84,ILE85,0.240799226306,12
87,VAL88,0.0,12
89,LYS90,0.0,12
90,ASN91,0.0,12
92,LYS93,0.0,12
93,TYR94,0.0,12
94,ASN95,0.0,12
95,SER96,0.00624941972921,12
96,LEU97,0.0,12
97,THR98,0.0,12
98,ILE99,-0.167405029014,12
99,ASN100,0.0,12
100,ASN101,0.0,12
101,ASP102,3.47078288201,12
102,ILE103,0.0591278529981,12
103,THR104,-0.186494777563,12
105,LEU106,-0.711384719536,12
117,VAL118,0.080180754352,12
135,CYS136,0.0,12
136,VAL137,0.350914603482,12
137,THR138,1.05496005803,12
138,THR139,-6.28071924565,12
139,GLY140,-1.78405058027,12
140,TRP141,-1.09548897485,12
141,GLY142,-0.152246615087,12
142,LEU143,-0.924536170213,12
143,THR144,0.0932298839458,12
144,ARG145,0.344741295938,12
145,TYR146,0.0273992263056,12
148,ALA149,-0.582310638298,12
149,ASN150,-0.0146596711799,12
150,THR151,0.424282688588,12
151,PRO152,0.987402611219,12
152,ASP153,0.0712478723404,12
153,ARG154,-0.544165377176,12
154,LEU155,-0.451250193424,12
155,GLN156,-8.12957891683,12
156,GLN157,-0.240678143133,12
157,ALA158,-1.78719245648,12
158,SER159,0.0,12
159,LEU160,0.0685417794971,12
160,PRO161,0.0,12
161,LEU162,0.0,12
162,LEU163,0.0,12
164,ASN165,0.0,12
166,ASN167,0.0,12
167,CYS168,0.0,12
168,LYS169,0.0,12
169,LYS170,0.0,12
170,TYR171,0.0,12
171,TRP172,0.0,12
172,GLY173,0.0,12
173,THR174,0.0,12
174,LYS175,0.0,12
175,ILE176,0.0,12
176,LYS177,0.0,12
177,ASP178,0.0,12
178,ALA179,0.0,12
179,MET180,-0.00615986460348,12
180,ILE181,0.0,12
181,CYS182,0.0,12
182,ALA183,0.0072001934236,12
183,GLY184,0.0,12
184,ALA185,0.0,12
185,SER186,0.0,12
186,GLY187,0.0,12
187,VAL188,0.0697541586074,12
188,SER189,-1.94725377176,12
189,SER190,1.01124148936,12
190,CYS191,-0.539296518375,12
191,MET192,-0.0295799806576,12
192,GLY193,-5.3422794971,12
193,ASP194,-4.67297340426,12
194,SER195,-8.42461972921,12
195,GLY196,-0.540610831721,12
196,GLY197,-3.26685851064,12
197,PRO198,-2.1679615087,12
198,LEU199,0.0559159574468,12
199,VAL200,-0.997035976789,12
208,LEU209,-0.102211121857,12
209,VAL210,0.0,12
210,GLY211,1.08856537718,12
211,ILE212,2.63305396518,12
212,VAL213,2.25426402321,12
213,SER214,0.754889168279,12
214,TRP215,-2.42114148936,12
215,GLY216,1.83146015474,12
216,SER217,0.0473188588008,12
217,SER218,0.148737814313,12
218,THR219,0.211117891683,12
219,CYS220,-0.570808220503,12
220,SER221,0.0,12
221,THR222,0.0,12
222,SER223,0.0,12
223,THR224,0.0,12
224,PRO225,0.0,12
225,GLY226,0.0777813346228,12
226,VAL227,-0.113887040619,12
227,TYR228,-2.06363065764,12
228,ALA229,-0.234671276596,12
229,ARG230,0.0,12
230,VAL231,0.0,12
15,ILE16,0.406671373308,112
16,VAL17,-0.623009767892,112
17,ASN18,-0.278108317215,112
18,GLY19,-0.305483655706,112
19,GLU20,2.31740647969,112
20,GLU21,-0.435138007737,112
21,ALA22,-0.927455319149,112
26,TRP27,-0.697908027079,112
27,PRO28,0.0,112
28,TRP29,0.0627190522244,112
29,GLN30,0.418012282398,112
30,VAL31,-0.386799516441,112
31,SER32,1.13386692456,112
32,LEU33,0.298236847195,112
33,GLN34,-2.11986576402,112
34,ASP35,0.849899032882,112
35,LYS36,0.00467359767892,112
36,THR37,0.218257446809,112
37,GLY38,-0.404365957447,112
38,PHE39,-0.054996615087,112
39,HSD40,-2.88966054159,112
40,PHE41,0.997465280464,112
41,CYS42,0.00656895551257,112
42,GLY43,-1.94171847195,112
43,GLY44,-0.921633075435,112
44,SER45,0.064970696325,112
45,LEU46,0.0,112
46,ILE47,0.0,112
51,VAL52,0.0,112
52,VAL53,-0.00426005802708,112
53,THR54,2.90102669246,112
54,ALA55,-1.68416402321,112
55,ALA56,0.0,112
56,HSD57,1.23456895551,112
57,CYS58,0.111234332689,112
58,GLY59,-0.0146758220503,112
59,VAL60,0.0,112
60,THR61,0.0,112
63,ASP64,0.0,112
64,VAL65,-0.02706827853,112
65,VAL66,0.122232688588,112
66,VAL67,0.39528384913,112
67,ALA68,-0.0410454545455,112
68,GLY69,0.357327756286,112
69,GLU70,-1.03266895551,112
70,PHE71,-0.39357098646,112
71,ASP72,-0.452948452611,112
72,GLN73,-0.583236847195,112
73,GLY74,0.620655705996,112
74,SER75,0.268398549323,112
75,SER76,0.00681798839458,112
76,SER77,-0.00100270793037,112
79,ILE80,0.111620019342,112
80,GLN81,0.0,112
81,LYS82,0.0168794003868,112
82,LEU83,0.0,112
84,ILE85,0.0,112
87,VAL88,0.0,112
89,LYS90,0.0,112
90,ASN91,0.0,112
92,LYS93,0.0,112
93,TYR94,0.0,112
94,ASN95,0.0,112
95,SER96,0.0,112
96,LEU97,0.0,112
97,THR98,0.0,112
98,ILE99,0.0,112
99,ASN100,0.0,112
100,ASN101,0.0,112
101,ASP102,0.0,112
102,ILE103,0.0,112
103,THR104,0.0,112
105,LEU106,0.0,112
117,VAL118,0.0,112
135,CYS136,0.0,112
136,VAL137,-0.0335412959381,112
137,THR138,0.768648355899,112
138,THR139,0.929838781431,112
139,GLY140,-0.900951160542,112
140,TRP141,-3.29929729207,112
141,GLY142,-0.995032882012,112
142,LEU143,-0.635396615087,112
143,THR144,0.00519245647969,112
144,ARG145,0.0552275628627,112
145,TYR146,0.750755222437,112
148,ALA149,-0.259308510638,112
149,ASN150,0.149982011605,112
150,THR151,-0.241907640232,112
151,PRO152,-0.562647388781,112
152,ASP153,-0.556058800774,112
153,ARG154,0.441999323017,112
154,LEU155,-1.23369468085,112
155,GLN156,-0.666219148936,112
156,GLN157,0.810301160542,112
157,ALA158,1.67869787234,112
158,SER159,0.0,112
159,LEU160,0.0577900386847,112
160,PRO161,0.0,112
161,LEU162,0.0,112
162,LEU163,0.0,112
164,ASN165,0.0,112
166,ASN167,0.0,112
167,CYS168,0.0,112
168,LYS169,0.0,112
169,LYS170,0.0,112
170,TYR171,0.0,112
171,TRP172,0.0,112
172,GLY173,0.0,112
173,THR174,0.0,112
174,LYS175,0.0,112
175,ILE176,0.0,112
176,LYS177,0.0,112
177,ASP178,0.0,112
178,ALA179,0.0,112
179,MET180,0.0,112
180,ILE181,0.0,112
181,CYS182,0.0,112
182,ALA183,0.0,112
183,GLY184,0.0,112
184,ALA185,0.0,112
185,SER186,0.0,112
186,GLY187,0.0,112
187,VAL188,0.0584795938104,112
188,SER189,-0.652599903288,112
189,SER190,-0.11502311412,112
190,CYS191,-0.938745647969,112
191,MET192,0.744542069632,112
192,GLY193,-2.05268858801,112
193,ASP194,-3.33663675048,112
194,SER195,-0.49577205029,112
195,GLY196,1.89986044487,112
196,GLY197,1.17952427466,112
197,PRO198,-0.189711411992,112
198,LEU199,0.0948690522244,112
199,VAL200,0.0,112
208,LEU209,0.0,112
209,VAL210,0.0,112
210,GLY211,0.0,112
211,ILE212,-1.88537059961,112
212,VAL213,-1.27161044487,112
213,SER214,1.44847911025,112
214,TRP215,-0.398605609284,112
215,GLY216,0.335460928433,112
216,SER217,-1.21770560928,112
217,SER218,0.0499441005803,112
218,THR219,-0.0768816247582,112
219,CYS220,0.190590425532,112
220,SER221,-0.0108335589942,112
221,THR222,0.0,112
222,SER223,0.0,112
223,THR224,0.00155309477756,112
224,PRO225,0.0,112
225,GLY226,0.366334622824,112
226,VAL227,-0.647284719536,112
227,TYR228,1.69929864603,112
228,ALA229,0.0,112
229,ARG230,0.0,112
230,VAL231,0.0,112
