,Res,P1_8,P2_8,P3_8,P4_8,P1_7,P2_7,P3_7,P4_7,P1_1,P1_2,P11_2
0,ACYS1,0,0,0,0,0,0,0,0,0,0,0
1,AGLY2,0,0,0,0,0,0,0,0,0,0,0
2,AVAL3,0,0,0,0,0,0,0,0,0,0,0
3,APRO4,0,0,0,0,0,0,0,0,0,0,0
4,AALA5,0,0,0,0,0,0,0,0,0,0,0
5,AILE6,0,0,0,0,0,0,0,0,0,0,0
6,AGLN7,0,0,0,0,0,0,0,0,0,0,0
7,APRO8,0,0,0,0,0,0,0,0,0,0,0
8,AVAL9,0,0,0,0,0,0,0,0,0,0,0
9,ALEU10,0,0,0,0,0,0,0,0,0,0,0
10,ASER11,0,0,0,0,0,0,0,0,0,0,0
11,AGLY12,0,0,0,0,0,0,0,0,0,0,0
12,ALEU13,0,0,0,0,0,0,0,0,0,0,0
13,XXXX,0,0,0,0,0,0,0,0,0,0,0
14,XXXX,0,0,0,0,0,0,0,0,0,0,0
15,BILE16,-6.42135805844,-1.28666741753,-0.322254872762,0,-4.01952676708,-0.712131190455,0.174397872244,0.0251517693494,-2.25214017467,-4.86529777563,0.406671373308
16,BVAL17,2.51079735156,1.33591826579,-0.39815263902,0.0221726201697,0.838916586517,-0.0447552717539,-0.114269317666,0,1.37691207385,5.38892688588,-0.623009767892
17,BASN18,0.57882462771,0,0,0,1.52506942655,-0.0158351420016,0,0,-0.494360959166,0.138521083172,-0.278108317215
18,BGLY19,0.0492876437323,0,0,0,-1.08941982125,-0.0106269349424,0,0,0.812753359381,0.367137814313,-0.305483655706
19,BGLU20,0,0,0,0,4.48734234643E-05,0,0,0,0,-0.876498549323,2.31740647969
20,BGLU21,0,0,0,0,0,0,0,0,0,0.13595212766,-0.435138007737
21,BALA22,0,0,0,0,0,0,0,0,0,0.231966924565,-0.927455319149
22,BVAL23,0,0,0,0,0,0,0,0,0,0,0
23,BPRO24,0,0,0,0,0,0,0,0,0,0,0
24,BGLY25,0,0,0,0,0,0,0,0,0,0,0
25,BSER26,0,0,0,0,0,0,0,0,0,0,0
26,BTRP27,0,0,0,0,0,0,0,0,0,1.05564139265,-0.697908027079
27,BPRO28,0,0,0,0,0,0,0,0,0,-0.896427562863,0
28,BTRP29,0,0,0,0,0,0,0,0,0,-1.12180125725,0.0627190522244
29,BGLN30,1.01542004713,0,0,0,0.490790486344,0.0695816668179,0,0,0.843771339922,1.56639903288,0.418012282398
30,BVAL31,-0.743968868992,0,0,0,-0.21811407767,-0.123917149079,0,0,-1.1927144258,-1.53152108317,-0.386799516441
31,BSER32,0.00106676720075,0,0,0,0.0370815715452,0.318328209781,-0.000598811360131,0,0.171380594499,-2.29984439072,1.13386692456
32,BLEU33,-2.7295237983,0.0116981055608,0,0,0.303628618093,-0.402191888213,0.142179856637,0,1.78012354248,-0.593935880077,0.298236847195
33,BGLN34,0.0132424222432,0,0,0,0.00220515833409,-0.0280421105163,0.000730564377098,0,-0.361220730866,1.10297398453,-2.11986576402
34,BASP35,0.00272085768143,0,0,0,0.144940282189,-0.939188254242,-0.914803715634,0,0.898003531755,-5.23040783366,0.849899032882
35,BLYS36,0,0,0,0,0,0.536722076037,0,0,0.173289128936,-0.0504315280464,0.00467359767892
36,BTHR37,0,0,0,0,0,0.0939688594501,0,0,0,0.912112282398,0.218257446809
37,BGLY38,0,0,0,0,0,-0.0354731966246,0,0,0,0.0482315280464,-0.404365957447
38,BPHE39,-0.0764544674835,-0.0263380772856,0,0,-0.0650251837401,0.159071195899,0.0249194673805,0,-0.417798061748,-0.694643617021,-0.054996615087
39,BHSD40,-1.53998,2.69059494816,0,0,0.598609245985,0.646208306869,-0.715588163506,0.0446792668542,2.44171605761,-3.48231286267,-2.88966054159
40,BPHE41,-1.33241636192,-0.231176343073,-0.11754072573,0,-0.0019195082116,0.0458086108339,-0.0109628663461,0.11964308139,-2.68064322378,-1.88280435203,0.997465280464
41,BCYS42,0.436952450518,-0.513355994345,0.00346098963242,0,0.264047845023,-0.603301941748,0.828390019055,0.0621921967154,-1.75401327664,-3.30590106383,0.00656895551257
42,BGLY43,1.79027735156,0.0691064373233,0,0,-0.398298266945,-1.27318099537,-0.414144487796,-0.0514875374285,3.48583861947,-2.4248155706,-1.94171847195
43,BGLY44,-1.71859407163,0.00620000942507,0,0,1.12510521278,-0.0492834180201,-0.000179906542056,0,1.87231607293,1.64635783366,-0.921633075435
44,BSER45,0.506360508954,0,0,0,0.132090264041,0.00203492423555,0,0,0.655265747338,0.448952224371,0.064970696325
45,BLEU46,0,0,0,0,0,0,0,0,0,0.253004255319,0
46,BILE47,0,0,0,0,0,0,0,0,0,0.0030670212766,0
47,BASN48,0,0,0,0,0,0,0,0,0,0,0
48,BGLU49,0,0,0,0,0,0,0,0,0,0,0
49,BASN50,0,0,0,0,0,0,0,0,0,0,0
50,BTRP51,0,0,0,0,0,0,0,0,0,0,0
51,BVAL52,0,0,0,0,0,0,0,0,0.00784029724967,-0.381934526112,0
52,BVAL53,1.85921754006,0.00478073515551,0,0,-0.302036298884,-0.0498968060975,0,0,-0.185388753543,0.801778916828,-0.00426005802708
53,BTHR54,2.82878573044,-1.05621643732,0,0,0.122579670629,0.240621291171,0.0446571635968,-0.0870656428636,-0.132918195051,4.72461411992,2.90102669246
54,BALA55,0.441255146089,-3.95139014138,0.0937286050895,0.0158875306315,-0.609305607477,-0.36874786317,-0.528435468651,0.0914661918156,0.373895434,-2.55601025145,-1.68416402321
55,BALA56,0.873968105561,-1.91587085768,-1.0664970688,0.132263393025,-0.706360906451,-0.0597477179929,-0.31909964613,0.41611968061,-0.768173852754,-1.07418056093,0
56,BHSD57,-3.23987154571,-2.69886621112,0.0279889066918,0.830139057493,-3.42730018147,-1.47089392523,-1.10911004446,-0.182866255331,-9.88648254041,2.44764042553,1.23456895551
57,BCYS58,0.247231922714,-0.0102011875589,-0.0938501413761,0.0348831291235,0.0813636829689,-0.17724592596,0.185976658198,0.00877562380909,-0.993373316479,-0.489457930368,0.111234332689
58,BGLY59,3.19990644675,-0.947818020735,0.00297953817154,0.00255667295005,-0.33886419109,-0.382371631431,0.00585316668179,-0.100549319481,0.128403845859,-0.66818655706,-0.0146758220503
59,BVAL60,-3.22324693685,-0.673647049953,0,0,0.128649169767,0.037363769168,0.360552908085,-0.158663868977,0.0657185014939,-1.79902862669,0
60,BTHR61,0,0.000193298774741,0,0,0,0.0177628436621,0,0,0.140746855129,0.068530754352,0
61,BTHR62,0,0,0,0,0,0,0,0,0,0,0
62,BSER63,0,0,0,0,0,0,0,0,0,0,0
63,BASP64,0,0,0,0,0,-0.783669399329,0,0,-0.187869769402,-1.21125880077,0
64,BVAL65,0,0,0,0,0,0,0,0,0,3.09068549323,-0.02706827853
65,BVAL66,0,0,0,0,0,0.00300778967426,0,0,0,-1.7697811412,0.122232688588
66,BVAL67,0,0,0,0,0,0,0,0,0,1.07256005803,0.39528384913
67,BALA68,0,0,0,0,0,0,0,0,0,-0.373650580271,-0.0410454545455
68,BGLY69,0,0,0,0,0,0,0,0,0,-1.06449284333,0.357327756286
69,BGLU70,0,0,0,0,0,0,0,0,0,2.45350067698,-1.03266895551
70,BPHE71,0,0,0,0,0,0,0,0,0,0.049851450677,-0.39357098646
71,BASP72,0,0,0,0,0,0,0,0,0,0.187593713733,-0.452948452611
72,BGLN73,0,0,0,0,0,0,0,0,0,0.517124371373,-0.583236847195
73,BGLY74,0,0,0,0,0,0,0,0,0,-0.149620019342,0.620655705996
74,BSER75,0,0,0,0,0,0,0,0,0,0.381145261122,0.268398549323
75,BSER76,0,0,0,0,0,0,0,0,0,0,0.00681798839458
76,BSER77,0,0,0,0,0,0,0,0,0,0.300209477756,-0.00100270793037
77,BGLU78,0,0,0,0,0,0,0,0,0,0,0
78,BLYS79,0,0,0,0,0,0,0,0,0,0,0
79,BILE80,0,0,0,0,0,0,0,0,0,0.259741876209,0.111620019342
80,BGLN81,0,0,0,0,0,0,0,0,0,-0.525144487427,0
81,BLYS82,0,0,0,0,0,0,0,0,0,0.438092263056,0.0168794003868
82,BLEU83,0,0,0,0,0,0,0,0,0,0.0398278529981,0
83,BLYS84,0,0,0,0,0,0,0,0,0,0,0
84,BILE85,0,0,0,0,0,0,0,0,0,0.240799226306,0
85,BALA86,0,0,0,0,0,0,0,0,0,0,0
86,BLYS87,0,0,0,0,0,0,0,0,0,0,0
87,BVAL88,0,0,0,0,0,0,0,0,0.00649874358385,0,0
88,BPHE89,0,0,0,0,0,0,0,0,0,0,0
89,BLYS90,0.0372465032988,0.382231960415,0,0,0.1254662145,0.498814658379,0,0,2.34331496208,0,0
90,BASN91,0,0.136718803016,0,0,0,0,0,0,3.47506320386E-05,0,0
91,BSER92,0,0,0,0,0,0,0,0,0,0,0
92,BLYS93,0,-0.323081131008,0,0,0,0,0,0,0,0,0
93,BTYR94,0.392411687088,-1.58143621112,-0.159778821866,0.528834373233,0.271587101896,-0.193400362943,0,0,-0.293780211446,0,0
94,BASN95,-0.521212808671,0.000804995287465,0.789199227144,0.123511244109,-0.288700653298,-0.158227896743,0.303097223482,-0.170863841757,-1.52880114916,0,0
95,BSER96,-0.0124021112158,-1.47027592837,-0.0199951366635,1.30740573987,-0.31387468923,0.1591014427,0.0977595454133,-0.799882129571,-0.572736144948,0.00624941972921,0
96,BLEU97,-0.349203166824,-0.878053949105,-0.0581413006598,0.276091583412,-0.163065552128,-0.157766141911,0.174376254423,-0.489154101261,-1.22307546924,0,0
97,BTHR98,-0.277778378888,-0.92456001885,0.197215918944,-0.267820622055,0.0750053670266,0.0280159695127,-0.33048256964,-0.348342636784,0.41079329656,0,0
98,BILE99,-1.59798489161,-0.833112365693,0.0122088689915,-0.822953949105,0.514654713728,-0.616251687687,-0.618374802649,-1.36849684693,-0.694766229985,-0.167405029014,0
99,BASN100,-1.22406598492,-0.180552544769,0.731286484449,0.505344995287,-0.218882977951,-0.053902304691,0.401804691044,-1.11512900826,-1.40541313874,0,0
100,BASN101,1.61401576814,0.387192016965,-0.00657828463713,0.179459038643,0.298965261773,0.010252767444,0.0707072044279,0.0999043734688,1.07487326285,0,0
101,BASP102,-0.346670207352,-1.28820678605,0.682639302545,-2.59124509896,-1.97696155521,-4.69266948099,2.49077640414,-0.123843653026,4.78306526469,3.47078288201,0
102,BILE103,1.01828427898,0.205719066918,0,-0.00688728557964,0.162481517104,-0.117457494783,0.457151116051,-0.414947214409,8.40030563089,0.0591278529981,0
103,BTHR104,-2.79947112158,-0.0162374552309,0,0,0.31109653389,-0.332472593231,-0.107211038018,0,0.935692346587,-0.186494777563,0
104,BLEU105,0,0,0,0,0,0,0,0,0,0,0
105,BLEU106,0.0214793119698,0,0,0,0,0,0,0,0.479490837355,-0.711384719536,0
106,BLYS107,0,0,0,0,0,0,0,0,0,0,0
107,BLEU108,0,0,0,0,0,0,0,0,0,0,0
108,BSER109,0,0,0,0,0,0,0,0,0,0,0
109,BTHR110,0,0,0,0,0,0,0,0,0,0,0
110,BALA111,0,0,0,0,0,0,0,0,0,0,0
111,BALA112,0,0,0,0,0,0,0,0,0,0,0
112,BSER113,0,0,0,0,0,0,0,0,0,0,0
113,BPHE114,0,0,0,0,0,0,0,0,0,0,0
114,BSER115,0,0,0,0,0,0,0,0,0,0,0
115,BGLN116,0,0,0,0,0,0,0,0,0,0,0
116,BTHR117,0,0,0,0,0,0,0,0,0,0,0
117,BVAL118,0,0,0,0,0,0,0,0,0,0.080180754352,0
118,BSER119,0,0,0,0,0,0,0,0,0,0,0
119,BALA120,0,0,0,0,0,0,0,0,0,0,0
120,BVAL121,0,0,0,0,0,0,0,0,0,0,0
121,BCYS122,0,0,0,0,0,0,0,0,0,0,0
122,BLEU123,0,0,0,0,0,0,0,0,0,0,0
123,BPRO124,0,0,0,0,0,0,0,0,0,0,0
124,BSER125,0,0,0,0,0,0,0,0,0,0,0
125,BALA126,0,0,0,0,0,0,0,0,0,0,0
126,BSER127,0,0,0,0,0,0,0,0,0,0,0
127,BASP128,0,0,0,0,0,0,0,0,0,0,0
128,BASP129,0,0,0,0,0,0,0,0,0,0,0
129,BPHE130,0,0,0,0,0,0,0,0,0,0,0
130,BALA131,0,0,0,0,0,0,0,0,0,0,0
131,BALA132,0,0,0,0,0,0,0,0,0,0,0
132,BGLY133,0,0,0,0,0,0,0,0,0,0,0
133,BTHR134,0,0,0,0,0,0,0,0,0,0,0
134,BTHR135,0,0,0,0,0,0,0,0,0,0,0
135,BCYS136,-0.178666295947,0,0,0,-0.12381170039,0,0,0,0,0,0
136,BVAL137,0.227241837889,0,0,0,0.0257332637692,0,0,0,-0.274666674328,0.350914603482,-0.0335412959381
137,BTHR138,-0.552648925542,-1.23675983977,-0.0192299057493,0,-0.336633372652,0.441232982488,0,0,-0.973578916724,1.05496005803,0.768648355899
138,BTHR139,0.0129193685203,-0.0759628557964,0,0,1.64923166228,-0.545602753834,-0.00164406587424,0,-0.69405071631,-6.28071924565,0.929838781431
139,BGLY140,-2.85692400566,-0.992422544769,0,0,-0.800157104618,1.77713113601,0.0290697214409,0.000178309590781,0.984075086187,-1.78405058027,-0.900951160542
140,BTRP141,2.0516534967,3.33785176249,0,0,-1.06934715997,0.955064694674,0.140448920243,0.00152620905544,3.0671699073,-1.09548897485,-3.29929729207
141,BGLY142,3.29687435438,2.22703049953,0.855310593779,0,0.592202032483,1.02421439071,0.15630500862,-0.0147996869613,-0.188397992799,-0.152246615087,-0.995032882012
142,BLEU143,-3.96298478794,-2.01642295947,0.296280311027,-0.0781622808671,-0.0993849968242,-1.45910225479,0.443928554578,-0.145456065693,1.61787289512,-0.924536170213,-0.635396615087
143,BTHR144,-3.88101058435,2.05511783223,-0.0418784071631,0,-3.2012711097,-1.67820560748,-0.242111478087,0,0.335745813223,0.0932298839458,0.00519245647969
144,BARG145,1.4359400754,0.39798998115,0.0818831291235,0,0.521926957626,0.169714186553,0.270029588967,0,-0.821318271662,0.344741295938,0.0552275628627
145,BTYR146,-0.978949132893,0.881313675778,-1.25687900094,0.392473242224,-0.566464930587,3.0510922693,-1.87717283822,-0.147559518193,0.0828644066498,0.0273992263056,0.750755222437
146,XXXX,0,0,0,0,0,0,0,0,0,0,0
147,XXXX,0,0,0,0,0,0,0,0,0,0,0
148,CALA149,-0.000701545711593,-0.501241036758,0.0800702827521,0,0.188763120406,-0.0127935985845,0.645686720806,0,-1.12917942236,-0.582310638298,-0.259308510638
149,CASN150,0.135196918002,0.0222936098021,0.00335049010368,0,-0.141150258597,0.022155466836,-0.0280886761637,0,-0.109309829158,-0.0146596711799,0.149982011605
150,CTHR151,0.289155570217,0.0778258246937,0.023388529689,0,-0.550360951819,-0.290350662372,0.179936562018,0,0.182897510151,0.424282688588,-0.241907640232
151,CPRO152,-0.479639934025,-0.0359735061263,0,0,-1.1458227747,-0.391183476998,0,0,0.247877307899,0.987402611219,-0.562647388781
152,CASP153,0,0,0,0,0.00275307594592,0,0,0,0,0.0712478723404,-0.556058800774
153,CARG154,0,0,0,0,-0.0015607113692,0,0,0,-0.000250111085574,-0.544165377176,0.441999323017
154,CLEU155,-0.686651310085,0,0,0,-0.359056292532,0.00110259050903,0,0,0.403910457366,-0.451250193424,-1.23369468085
155,CGLN156,-0.883112497644,0,0,0,1.35258584067,-0.250270742219,0,0,0.500208365893,-8.12957891683,-0.666219148936
156,CGLN157,0.398657172479,0,0,0,0.00471067053806,0,0,0,0.227937845706,-0.240678143133,0.810301160542
157,CALA158,-0.744778897267,0,0,0,-0.0286817757009,0,0,0,0.760714096376,-1.78719245648,1.67869787234
158,CSER159,-0.151192130066,0,0,0,-0.120677152708,0,0,0,0,0,0
159,CLEU160,0.940372214892,0.14081732328,-0.0100890763431,0,0.441834452409,0,0,0,-0.370505071631,0.0685417794971,0.0577900386847
160,CPRO161,-0.965319123468,0,0,0,-0.153374367117,0,0,0,0,0,0
161,CLEU162,0.59508393968,0,0,0,0.1331455857,0,0,0,0,0,0
162,CLEU163,0.717657521206,0,0,0.00152152686145,0.0744545776245,0,0,0,0,0,0
163,CSER164,0,0,0,0,0,0,0,0,0,0,0
164,CASN165,-0.0673875023563,0.00318118755891,0,-0.133435937795,0,0,0,0,0,0,0
165,CTHR166,0,0,0,0,0,0,0,0,0,0,0
166,CASN167,0,0,0,-0.00515809613572,0,0,0,0,0,0,0
167,CCYS168,-0.315001432611,0,0.00466078228087,-1.94965595664,-0.214401342891,0,0,0,0.00194341530683,0,0
168,CLYS169,0,0,0,-1.06873562677,0,0,0,0,0,0,0
169,CLYS170,0,0,0,-0.148863100848,0,0,0,0,0,0,0
170,CTYR171,0.814003496701,-0.00123848256362,5.07861868049,-2.23661438266,-0.031073078668,0,0,-0.0155012975229,0.906662276871,0,0
171,CTRP172,1.45177284637,-0.0692591423186,-2.31874183789,-2.90224024505,-1.00344510934,-0.538307054714,0.184019186099,-0.167016296162,-1.43153134145,0,0
172,CGLY173,0,9.38925541942E-05,-0.077228671065,-0.06475466541,0,0,0,-0.0211605571182,0.0260069409331,0,0
173,CTHR174,0,-0.0470451083883,0.0636365409991,-0.603068821866,0,0,0,-0.0589818482896,0,0,0
174,CLYS175,0.253139547597,0.1295667295,-3.91972761546,4.95363847314,0.369769766809,0.0278842709373,-0.830168773251,2.52107505671,0.199806182487,0,0
175,CILE176,0.222551442036,-0.00410147031103,1.37320609802,0.973828586239,0.0534723890754,-0.0177145857908,-0.0113441429997,0.0284446783413,0.224225656937,0,0
176,CLYS177,0.0866543261074,-0.213586032045,-0.989670556079,0.117482365693,0.0756469966428,0.000452223028763,0,0.546088295073,0.0426541484716,0,0
177,CASP178,0,-0.239222780396,0,-0.277073147974,0,0,0,0,0,0,0
178,CALA179,-0.798276079171,-0.0497000471254,0,-0.0633054099906,-0.125422969785,0,0,0,-0.0375139967823,0,0
179,CMET180,-1.22178128181,0.710301687088,1.93171066918,0.447339443921,0.99067040196,0.26382051538,-0.0197394201978,0.084366073859,0.339256515744,-0.00615986460348,0
180,CILE181,4.23071333648,-1.67860799246,5.67678763431,-0.967072752121,0.223154736412,-0.000116427728881,0,0,1.16969888148,0,0
181,CCYS182,-0.593924637135,0.30038472196,-0.252671885014,-0.00244901979265,0.650042659468,-0.00380822520642,-0.00727934851647,-0.00412506124671,0.342945407186,0,0
182,CALA183,-1.73150466541,-0.030033864279,-0.148496786051,0.503043100848,-0.229664413393,0,0,0,0.40306533364,0.0072001934236,0
183,CGLY184,0.86923,2.13949104618E-05,-0.00466934024505,0.000876314797361,-0.661042781962,0,0,0,-0.298030537041,0,0
184,CALA185,-0.116861413761,0,0.0105696512724,0.0148568237512,0.209673178477,0,0,0,0.650596192446,0,0
185,CSER186,0.622980188501,0,0,0,0.219870120679,0,0,0,0,0,0
186,CGLY187,-0.684782130066,0,0,0,-0.339583104981,0,0,0,0,0,0
187,CVAL188,-0.103452309142,0,-0.00538342130066,0,-0.669841625079,-0.354041561564,0.0601640232284,0,0.0424592277637,0.0697541586074,0.0584795938104
188,CSER189,-1.85202346843,2.38666406221,-2.16858550424,-0.200156644675,-1.07491150077,0.5224975955,-0.350153656655,-0.148137768805,0.645267907761,-1.94725377176,-0.652599903288
189,CSER190,-2.22479634307,0.243229877474,0.587348482564,-0.964317615457,-4.7052232919,1.35817621359,-1.56751929498,1.06100482715,0.0788609285222,1.01124148936,-0.11502311412
190,CCYS191,-2.21579842601,-0.326969594722,0.64357267672,-4.2422933836,-1.47964025497,-1.77595386988,-0.125324897922,-1.0350288903,-0.154799249215,-0.539296518375,-0.938745647969
191,CMET192,-4.93126975495,-3.71308995287,0.0125316682375,0.401521225259,-2.28455932311,-2.26442467562,-0.378286938572,-0.158492101443,-3.93335188079,-0.0295799806576,0.744542069632
192,CGLY193,-4.04386100848,-0.12083263902,-0.078959066918,-0.338863854854,-1.67081281644,-0.0654154840759,-0.309664390709,-0.0470424870701,-2.62700959166,-5.3422794971,-2.05268858801
193,CASP194,0.010845739868,-1.26241480679,0.662482384543,0.173037455231,2.58125238635,0.239796211778,-0.460619848471,0.0230043144905,2.67722716617,-4.67297340426,-3.33663675048
194,CSER195,-2.51828715363,1.00339014138,-0.460852921772,0.346460951932,0.61426252155,-0.424898874875,-0.613906773433,1.25509982307,-4.11380158584,-8.42461972921,-0.49577205029
195,CGLY196,0.987760094251,-0.557903468426,0.669867021678,0.0271776343073,0.0228146538427,-1.46457391344,0.375823931585,-0.594928146266,1.24345921244,-0.540610831721,1.89986044487
196,CGLY197,-1.05980554194,-1.45949053723,-1.11089268615,0,-1.21109383903,-0.393327066509,0.54176072498,-0.0499526540241,-1.11315402589,-3.26685851064,1.17952427466
197,CPRO198,-0.0249303016023,-0.0121257115928,0,0,1.19033208874,-0.0607703202976,0,0,2.80824785107,-2.1679615087,-0.189711411992
198,CLEU199,1.76016061263,0.0111048162111,0,0,0.540092972507,0,0,0,-0.0192987206006,0.0559159574468,0.0948690522244
199,CVAL200,0.00775377002828,0,0,0,0.0942357590055,0,0,0,0.0219707576802,-0.997035976789,0
200,CCYS201,0,0,0,0,0,0,0,0,0,0,0
201,CLYS202,0,0,0,0,0,0,0,0,0,0,0
202,CLYS203,0,0,0,0,0,0,0,0,0,0,0
203,CASN204,0,0,0,0,0,0,0,0,0,0,0
204,CGLY205,0,0,0,0,0,0,0,0,0,0,0
205,CALA206,0,0,0,0,0,0,0,0,0,0,0
206,CTRP207,0,0,0,0,0,0,0,0,0,0,0
207,CTHR208,0,0,0,0,0,0,0,0,0,0,0
208,CLEU209,0.173686908577,0,0,0,0.119813560475,0,0,0,0.0911786409255,-0.102211121857,0
209,CVAL210,0.00598121583412,0,0,0,0.140720270393,0,0,0,0,0,0
210,CGLY211,2.73144480679,0.574003741753,0,0,0.671252413574,5.76762544234E-05,0,0,1.53270999004,1.08856537718,0
211,CILE212,-0.327106032045,3.99126562677,-4.91119949105,-0.703274382658,-0.715881285727,0.050501624172,-0.210086126486,-0.0670247890391,0.90757938405,2.63305396518,-1.88537059961
212,CVAL213,-2.4813471442,1.178736541,-3.24907802074,1.89893572102,-1.98144303602,-0.0797607249796,-1.43018276926,1.12163319572,-1.90753706428,2.25426402321,-1.27161044487
213,CSER214,-6.25597017908,-3.74106619227,-0.388109688973,-0.917855362865,-1.88316469921,-0.195394025043,0.454174172035,0.40419523183,-3.69104423504,0.754889168279,1.44847911025
214,CTRP215,-3.94590227144,0.309104278982,-4.35043957587,-3.21951418473,-1.54265798022,-0.748823314581,-0.0512391978949,-0.531003611288,-6.34075840037,-2.42114148936,-0.398605609284
215,CGLY216,-2.15136193214,-0.532210254477,-4.38516525919,-2.86626857681,-2.09792510208,0.520195485891,0.311357807821,-1.31454457853,-2.24025221022,1.83146015474,0.335460928433
216,CSER217,-3.96406247879,0.0180170499529,-1.31141751178,-0.0831529783223,-1.80364993195,0.147876776155,-0.443594433355,-0.366059899283,0.766039561787,0.0473188588008,-1.21770560928
217,CSER218,7.51693916117,0.248196965127,-1.42147487276,-1.02028781338,-1.15968078668,-0.418759740495,-1.27679951456,-0.707464590328,-0.8914517812,0.148737814313,0.0499441005803
218,CTHR219,-1.11243096136,3.21948634307,0.438402902922,1.80824536287,-0.0646539651574,0.0904808864894,0.319095667362,-0.365581857363,0.23577382211,0.211117891683,-0.0768816247582
219,CCYS220,-1.3473665787,1.4614763902,0.0717290574929,-1.57570625825,0.354294329008,0.173740858361,-0.583531807458,-0.0125974412485,-1.54781833295,-0.570808220503,0.190590425532
220,CSER221,-0.899880254477,-0.0722192554194,-3.32664458058,0.278167898209,1.6220601352,-0.179704827148,0.892156532982,0.963432043372,1.35166534896,0,-0.0108335589942
221,CTHR222,0.593068840716,-0.00315007540057,0.0980665409991,-0.79386598492,0.498683440704,0.114109545413,0.166495100263,0.157156528446,-0.237922523558,0,0
222,CSER223,0.0432241093308,0,0.128681149859,0.643257926484,-0.191764290899,-0.000822956174576,0.0434967198984,0,0.0952732781736,0,0
223,CTHR224,0.236878237512,-1.70025860509,0.431964231857,-1.99896017908,2.03777636331,0.392116092006,0.472630083477,-0.0173080210507,-0.160029724967,0,0.00155309477756
224,CPRO225,-0.609447200754,-0.363517483506,-0.166257040528,4.46328312912,-0.844980478178,-0.243222448054,0.707041239452,-0.0311668768714,-1.72377065043,0,0
225,CGLY226,-0.681588331762,1.99923326107,1.64020519321,-0.471728501414,-0.712476885038,0.59567673986,-0.711702867253,0.0675176072952,6.52638209607,0.0777813346228,0.366334622824
226,CVAL227,0.497926258247,0.276123543827,-1.21642507069,1.39820986805,0.510053824517,-0.845755516741,1.47031131023,0.0655774294529,2.96934043515,-0.113887040619,-0.647284719536
227,CTYR228,-6.75757028275,3.87931445806,9.39519941565,-1.05438965127,0.569080369295,-0.304426753471,-0.151128400327,0.0652699936485,-3.93768113077,-2.06363065764,1.69929864603
228,CALA229,1.3947598115,-6.117296541,3.76172442978,0.0386580678605,0.410993172126,0.716248126304,-0.512762907177,0.0853532801016,6.13139494369,-0.234671276596,0
229,CARG230,-1.51825570217,-0.287481036758,0,0.00205523091423,-0.593521028037,0,0,0,-0.292586416916,0,0
230,CVAL231,0.0574584354383,0.00234325164939,0,0,0.00376718991017,0,0,0,0.00128775760362,0,0
231,CTHR232,0,0,0,0,0,0,0,0,0,0,0
232,CALA233,0,0,0,0,0,0,0,0,0,0,0
233,CLEU234,0,0,0,0,0,0,0,0,0,0,0
234,CVAL235,0,0,0,0,0,0,0,0,0,0,0
235,CASN236,0,0,0,0,0,0,0,0,0,0,0
236,CTRP237,0,0,0,0,0,0,0,0,0,0,0
237,CVAL238,0,0,0,0,0,0,0,0,0,0,0
238,CGLN239,0,0,0,0,0,0,0,0,0,0,0
239,CGLN240,0,0,0,0,0,0,0,0,0,0,0
240,CTHR241,0,0,0,0,0,0,0,0,0,0,0
241,CLEU242,0,0,0,0,0,0,0,0,0,0,0
242,CALA243,0,0,0,0,0,0,0,0,0,0,0
243,CALA244,0,0,0,0,0,0,0,0,0,0,0
244,CASN245,0,0,0,0,0,0,0,0,0,0,0
