BILE16,SALA2,-0.322254872762
BILE16,SPHE3,-1.28666741753
BILE16,SPHE4,-6.42135805844
BVAL17,SPRO1,0.0221726201697
BVAL17,SALA2,-0.39815263902
BVAL17,SPHE3,1.33591826579
BVAL17,SPHE4,2.51079735156
BASN18,SPHE4,0.57882462771
BGLY19,SPHE4,0.0492876437323
BGLN30,SPHE4,1.01542004713
BVAL31,SPHE4,-0.743968868992
BSER32,SPHE4,0.00106676720075
BLEU33,SPHE3,0.0116981055608
BLEU33,SPHE4,-2.7295237983
BGLN34,SPHE4,0.0132424222432
BASP35,SPHE4,0.00272085768143
BPHE39,SPHE3,-0.0263380772856
BPHE39,SPHE4,-0.0764544674835
BHSD40,SPHE3,2.69059494816
BHSD40,SPHE4,-1.53998
BPHE41,SALA2,-0.11754072573
BPHE41,SPHE3,-0.231176343073
BPHE41,SPHE4,-1.33241636192
BCYS42,SALA2,0.00346098963242
BCYS42,SPHE3,-0.513355994345
BCYS42,SPHE4,0.436952450518
BGLY43,SPHE3,0.0691064373233
BGLY43,SPHE4,1.79027735156
BGLY44,SPHE3,0.00620000942507
BGLY44,SPHE4,-1.71859407163
BSER45,SPHE4,0.506360508954
BVAL53,SPHE3,0.00478073515551
BVAL53,SPHE4,1.85921754006
BTHR54,SPHE3,-1.05621643732
BTHR54,SPHE4,2.82878573044
BALA55,SPRO1,0.0158875306315
BALA55,SALA2,0.0937286050895
BALA55,SPHE3,-3.95139014138
BALA55,SPHE4,0.441255146089
BALA56,SPRO1,0.132263393025
BALA56,SALA2,-1.0664970688
BALA56,SPHE3,-1.91587085768
BALA56,SPHE4,0.873968105561
BHSD57,SPRO1,0.830139057493
BHSD57,SALA2,0.0279889066918
BHSD57,SPHE3,-2.69886621112
BHSD57,SPHE4,-3.23987154571
BCYS58,SPRO1,0.0348831291235
BCYS58,SALA2,-0.0938501413761
BCYS58,SPHE3,-0.0102011875589
BCYS58,SPHE4,0.247231922714
BGLY59,SPRO1,0.00255667295005
BGLY59,SALA2,0.00297953817154
BGLY59,SPHE3,-0.947818020735
BGLY59,SPHE4,3.19990644675
BVAL60,SPHE3,-0.673647049953
BVAL60,SPHE4,-3.22324693685
BTHR61,SPHE3,0.000193298774741
BLYS90,SPHE3,0.382231960415
BLYS90,SPHE4,0.0372465032988
BASN91,SPHE3,0.136718803016
BLYS93,SPHE3,-0.323081131008
BTYR94,SPRO1,0.528834373233
BTYR94,SALA2,-0.159778821866
BTYR94,SPHE3,-1.58143621112
BTYR94,SPHE4,0.392411687088
BASN95,SPRO1,0.123511244109
BASN95,SALA2,0.789199227144
BASN95,SPHE3,0.000804995287465
BASN95,SPHE4,-0.521212808671
BSER96,SPRO1,1.30740573987
BSER96,SALA2,-0.0199951366635
BSER96,SPHE3,-1.47027592837
BSER96,SPHE4,-0.0124021112158
BLEU97,SPRO1,0.276091583412
BLEU97,SALA2,-0.0581413006598
BLEU97,SPHE3,-0.878053949105
BLEU97,SPHE4,-0.349203166824
BTHR98,SPRO1,-0.267820622055
BTHR98,SALA2,0.197215918944
BTHR98,SPHE3,-0.92456001885
BTHR98,SPHE4,-0.277778378888
BILE99,SPRO1,-0.822953949105
BILE99,SALA2,0.0122088689915
BILE99,SPHE3,-0.833112365693
BILE99,SPHE4,-1.59798489161
BASN100,SPRO1,0.505344995287
BASN100,SALA2,0.731286484449
BASN100,SPHE3,-0.180552544769
BASN100,SPHE4,-1.22406598492
BASN101,SPRO1,0.179459038643
BASN101,SALA2,-0.00657828463713
BASN101,SPHE3,0.387192016965
BASN101,SPHE4,1.61401576814
BASP102,SPRO1,-2.59124509896
BASP102,SALA2,0.682639302545
BASP102,SPHE3,-1.28820678605
BASP102,SPHE4,-0.346670207352
BILE103,SPRO1,-0.00688728557964
BILE103,SPHE3,0.205719066918
BILE103,SPHE4,1.01828427898
BTHR104,SPHE3,-0.0162374552309
BTHR104,SPHE4,-2.79947112158
BLEU106,SPHE4,0.0214793119698
BCYS136,SPHE4,-0.178666295947
BVAL137,SPHE4,0.227241837889
BTHR138,SALA2,-0.0192299057493
BTHR138,SPHE3,-1.23675983977
BTHR138,SPHE4,-0.552648925542
BTHR139,SPHE3,-0.0759628557964
BTHR139,SPHE4,0.0129193685203
BGLY140,SPHE3,-0.992422544769
BGLY140,SPHE4,-2.85692400566
BTRP141,SPHE3,3.33785176249
BTRP141,SPHE4,2.0516534967
BGLY142,SALA2,0.855310593779
BGLY142,SPHE3,2.22703049953
BGLY142,SPHE4,3.29687435438
BLEU143,SPRO1,-0.0781622808671
BLEU143,SALA2,0.296280311027
BLEU143,SPHE3,-2.01642295947
BLEU143,SPHE4,-3.96298478794
BTHR144,SALA2,-0.0418784071631
BTHR144,SPHE3,2.05511783223
BTHR144,SPHE4,-3.88101058435
BARG145,SALA2,0.0818831291235
BARG145,SPHE3,0.39798998115
BARG145,SPHE4,1.4359400754
BTYR146,SPRO1,0.392473242224
BTYR146,SALA2,-1.25687900094
BTYR146,SPHE3,0.881313675778
BTYR146,SPHE4,-0.978949132893
CALA149,SALA2,0.0800702827521
CALA149,SPHE3,-0.501241036758
CALA149,SPHE4,-0.000701545711593
CASN150,SALA2,0.00335049010368
CASN150,SPHE3,0.0222936098021
CASN150,SPHE4,0.135196918002
CTHR151,SALA2,0.023388529689
CTHR151,SPHE3,0.0778258246937
CTHR151,SPHE4,0.289155570217
CPRO152,SPHE3,-0.0359735061263
CPRO152,SPHE4,-0.479639934025
CLEU155,SPHE4,-0.686651310085
CGLN156,SPHE4,-0.883112497644
CGLN157,SPHE4,0.398657172479
CALA158,SPHE4,-0.744778897267
CSER159,SPHE4,-0.151192130066
CLEU160,SALA2,-0.0100890763431
CLEU160,SPHE3,0.14081732328
CLEU160,SPHE4,0.940372214892
CPRO161,SPHE4,-0.965319123468
CLEU162,SPHE4,0.59508393968
CLEU163,SPRO1,0.00152152686145
CLEU163,SPHE4,0.717657521206
CASN165,SPRO1,-0.133435937795
CASN165,SPHE3,0.00318118755891
CASN165,SPHE4,-0.0673875023563
CASN167,SPRO1,-0.00515809613572
CCYS168,SPRO1,-1.94965595664
CCYS168,SALA2,0.00466078228087
CCYS168,SPHE4,-0.315001432611
CLYS169,SPRO1,-1.06873562677
CLYS170,SPRO1,-0.148863100848
CTYR171,SPRO1,-2.23661438266
CTYR171,SALA2,5.07861868049
CTYR171,SPHE3,-0.00123848256362
CTYR171,SPHE4,0.814003496701
CTRP172,SPRO1,-2.90224024505
CTRP172,SALA2,-2.31874183789
CTRP172,SPHE3,-0.0692591423186
CTRP172,SPHE4,1.45177284637
CGLY173,SPRO1,-0.06475466541
CGLY173,SALA2,-0.077228671065
CGLY173,SPHE3,9.38925541942E-05
CTHR174,SPRO1,-0.603068821866
CTHR174,SALA2,0.0636365409991
CTHR174,SPHE3,-0.0470451083883
CLYS175,SPRO1,4.95363847314
CLYS175,SALA2,-3.91972761546
CLYS175,SPHE3,0.1295667295
CLYS175,SPHE4,0.253139547597
CILE176,SPRO1,0.973828586239
CILE176,SALA2,1.37320609802
CILE176,SPHE3,-0.00410147031103
CILE176,SPHE4,0.222551442036
CLYS177,SPRO1,0.117482365693
CLYS177,SALA2,-0.989670556079
CLYS177,SPHE3,-0.213586032045
CLYS177,SPHE4,0.0866543261074
CASP178,SPRO1,-0.277073147974
CASP178,SPHE3,-0.239222780396
CALA179,SPRO1,-0.0633054099906
CALA179,SPHE3,-0.0497000471254
CALA179,SPHE4,-0.798276079171
CMET180,SPRO1,0.447339443921
CMET180,SALA2,1.93171066918
CMET180,SPHE3,0.710301687088
CMET180,SPHE4,-1.22178128181
CILE181,SPRO1,-0.967072752121
CILE181,SALA2,5.67678763431
CILE181,SPHE3,-1.67860799246
CILE181,SPHE4,4.23071333648
CCYS182,SPRO1,-0.00244901979265
CCYS182,SALA2,-0.252671885014
CCYS182,SPHE3,0.30038472196
CCYS182,SPHE4,-0.593924637135
CALA183,SPRO1,0.503043100848
CALA183,SALA2,-0.148496786051
CALA183,SPHE3,-0.030033864279
CALA183,SPHE4,-1.73150466541
CGLY184,SPRO1,0.000876314797361
CGLY184,SALA2,-0.00466934024505
CGLY184,SPHE3,2.13949104618E-05
CGLY184,SPHE4,0.86923
CALA185,SPRO1,0.0148568237512
CALA185,SALA2,0.0105696512724
CALA185,SPHE4,-0.116861413761
CSER186,SPHE4,0.622980188501
CGLY187,SPHE4,-0.684782130066
CVAL188,SALA2,-0.00538342130066
CVAL188,SPHE4,-0.103452309142
CSER189,SPRO1,-0.200156644675
CSER189,SALA2,-2.16858550424
CSER189,SPHE3,2.38666406221
CSER189,SPHE4,-1.85202346843
CSER190,SPRO1,-0.964317615457
CSER190,SALA2,0.587348482564
CSER190,SPHE3,0.243229877474
CSER190,SPHE4,-2.22479634307
CCYS191,SPRO1,-4.2422933836
CCYS191,SALA2,0.64357267672
CCYS191,SPHE3,-0.326969594722
CCYS191,SPHE4,-2.21579842601
CMET192,SPRO1,0.401521225259
CMET192,SALA2,0.0125316682375
CMET192,SPHE3,-3.71308995287
CMET192,SPHE4,-4.93126975495
CGLY193,SPRO1,-0.338863854854
CGLY193,SALA2,-0.078959066918
CGLY193,SPHE3,-0.12083263902
CGLY193,SPHE4,-4.04386100848
CASP194,SPRO1,0.173037455231
CASP194,SALA2,0.662482384543
CASP194,SPHE3,-1.26241480679
CASP194,SPHE4,0.010845739868
CSER195,SPRO1,0.346460951932
CSER195,SALA2,-0.460852921772
CSER195,SPHE3,1.00339014138
CSER195,SPHE4,-2.51828715363
CGLY196,SPRO1,0.0271776343073
CGLY196,SALA2,0.669867021678
CGLY196,SPHE3,-0.557903468426
CGLY196,SPHE4,0.987760094251
CGLY197,SALA2,-1.11089268615
CGLY197,SPHE3,-1.45949053723
CGLY197,SPHE4,-1.05980554194
CPRO198,SPHE3,-0.0121257115928
CPRO198,SPHE4,-0.0249303016023
CLEU199,SPHE3,0.0111048162111
CLEU199,SPHE4,1.76016061263
CVAL200,SPHE4,0.00775377002828
CLEU209,SPHE4,0.173686908577
CVAL210,SPHE4,0.00598121583412
CGLY211,SPHE3,0.574003741753
CGLY211,SPHE4,2.73144480679
CILE212,SPRO1,-0.703274382658
CILE212,SALA2,-4.91119949105
CILE212,SPHE3,3.99126562677
CILE212,SPHE4,-0.327106032045
CVAL213,SPRO1,1.89893572102
CVAL213,SALA2,-3.24907802074
CVAL213,SPHE3,1.178736541
CVAL213,SPHE4,-2.4813471442
CSER214,SPRO1,-0.917855362865
CSER214,SALA2,-0.388109688973
CSER214,SPHE3,-3.74106619227
CSER214,SPHE4,-6.25597017908
CTRP215,SPRO1,-3.21951418473
CTRP215,SALA2,-4.35043957587
CTRP215,SPHE3,0.309104278982
CTRP215,SPHE4,-3.94590227144
CGLY216,SPRO1,-2.86626857681
CGLY216,SALA2,-4.38516525919
CGLY216,SPHE3,-0.532210254477
CGLY216,SPHE4,-2.15136193214
CSER217,SPRO1,-0.0831529783223
CSER217,SALA2,-1.31141751178
CSER217,SPHE3,0.0180170499529
CSER217,SPHE4,-3.96406247879
CSER218,SPRO1,-1.02028781338
CSER218,SALA2,-1.42147487276
CSER218,SPHE3,0.248196965127
CSER218,SPHE4,7.51693916117
CTHR219,SPRO1,1.80824536287
CTHR219,SALA2,0.438402902922
CTHR219,SPHE3,3.21948634307
CTHR219,SPHE4,-1.11243096136
CCYS220,SPRO1,-1.57570625825
CCYS220,SALA2,0.0717290574929
CCYS220,SPHE3,1.4614763902
CCYS220,SPHE4,-1.3473665787
CSER221,SPRO1,0.278167898209
CSER221,SALA2,-3.32664458058
CSER221,SPHE3,-0.0722192554194
CSER221,SPHE4,-0.899880254477
CTHR222,SPRO1,-0.79386598492
CTHR222,SALA2,0.0980665409991
CTHR222,SPHE3,-0.00315007540057
CTHR222,SPHE4,0.593068840716
CSER223,SPRO1,0.643257926484
CSER223,SALA2,0.128681149859
CSER223,SPHE4,0.0432241093308
CTHR224,SPRO1,-1.99896017908
CTHR224,SALA2,0.431964231857
CTHR224,SPHE3,-1.70025860509
CTHR224,SPHE4,0.236878237512
CPRO225,SPRO1,4.46328312912
CPRO225,SALA2,-0.166257040528
CPRO225,SPHE3,-0.363517483506
CPRO225,SPHE4,-0.609447200754
CGLY226,SPRO1,-0.471728501414
CGLY226,SALA2,1.64020519321
CGLY226,SPHE3,1.99923326107
CGLY226,SPHE4,-0.681588331762
CVAL227,SPRO1,1.39820986805
CVAL227,SALA2,-1.21642507069
CVAL227,SPHE3,0.276123543827
CVAL227,SPHE4,0.497926258247
CTYR228,SPRO1,-1.05438965127
CTYR228,SALA2,9.39519941565
CTYR228,SPHE3,3.87931445806
CTYR228,SPHE4,-6.75757028275
CALA229,SPRO1,0.0386580678605
CALA229,SALA2,3.76172442978
CALA229,SPHE3,-6.117296541
CALA229,SPHE4,1.3947598115
CARG230,SPRO1,0.00205523091423
CARG230,SPHE3,-0.287481036758
CARG230,SPHE4,-1.51825570217
CVAL231,SPHE3,0.00234325164939
CVAL231,SPHE4,0.0574584354383
SPRO1,BVAL17,0.0221726201697
SPRO1,BALA55,0.0158875306315
SPRO1,BALA56,0.132263393025
SPRO1,BHSD57,0.830139057493
SPRO1,BCYS58,0.0348831291235
SPRO1,BGLY59,0.00255667295005
SPRO1,BTYR94,0.528834373233
SPRO1,BASN95,0.123511244109
SPRO1,BSER96,1.30740573987
SPRO1,BLEU97,0.276091583412
SPRO1,BTHR98,-0.267820622055
SPRO1,BILE99,-0.822953949105
SPRO1,BASN100,0.505344995287
SPRO1,BASN101,0.179459038643
SPRO1,BASP102,-2.59124509896
SPRO1,BILE103,-0.00688728557964
SPRO1,BLEU143,-0.0781622808671
SPRO1,BTYR146,0.392473242224
SPRO1,CLEU163,0.00152152686145
SPRO1,CASN165,-0.133435937795
SPRO1,CASN167,-0.00515809613572
SPRO1,CCYS168,-1.94965595664
SPRO1,CLYS169,-1.06873562677
SPRO1,CLYS170,-0.148863100848
SPRO1,CTYR171,-2.23661438266
SPRO1,CTRP172,-2.90224024505
SPRO1,CGLY173,-0.06475466541
SPRO1,CTHR174,-0.603068821866
SPRO1,CLYS175,4.95363847314
SPRO1,CILE176,0.973828586239
SPRO1,CLYS177,0.117482365693
SPRO1,CASP178,-0.277073147974
SPRO1,CALA179,-0.0633054099906
SPRO1,CMET180,0.447339443921
SPRO1,CILE181,-0.967072752121
SPRO1,CCYS182,-0.00244901979265
SPRO1,CALA183,0.503043100848
SPRO1,CGLY184,0.000876314797361
SPRO1,CALA185,0.0148568237512
SPRO1,CSER189,-0.200156644675
SPRO1,CSER190,-0.964317615457
SPRO1,CCYS191,-4.2422933836
SPRO1,CMET192,0.401521225259
SPRO1,CGLY193,-0.338863854854
SPRO1,CASP194,0.173037455231
SPRO1,CSER195,0.346460951932
SPRO1,CGLY196,0.0271776343073
SPRO1,CILE212,-0.703274382658
SPRO1,CVAL213,1.89893572102
SPRO1,CSER214,-0.917855362865
SPRO1,CTRP215,-3.21951418473
SPRO1,CGLY216,-2.86626857681
SPRO1,CSER217,-0.0831529783223
SPRO1,CSER218,-1.02028781338
SPRO1,CTHR219,1.80824536287
SPRO1,CCYS220,-1.57570625825
SPRO1,CSER221,0.278167898209
SPRO1,CTHR222,-0.79386598492
SPRO1,CSER223,0.643257926484
SPRO1,CTHR224,-1.99896017908
SPRO1,CPRO225,4.46328312912
SPRO1,CGLY226,-0.471728501414
SPRO1,CVAL227,1.39820986805
SPRO1,CTYR228,-1.05438965127
SPRO1,CALA229,0.0386580678605
SPRO1,CARG230,0.00205523091423
SALA2,BILE16,-0.322254872762
SALA2,BVAL17,-0.39815263902
SALA2,BPHE41,-0.11754072573
SALA2,BCYS42,0.00346098963242
SALA2,BALA55,0.0937286050895
SALA2,BALA56,-1.0664970688
SALA2,BHSD57,0.0279889066918
SALA2,BCYS58,-0.0938501413761
SALA2,BGLY59,0.00297953817154
SALA2,BTYR94,-0.159778821866
SALA2,BASN95,0.789199227144
SALA2,BSER96,-0.0199951366635
SALA2,BLEU97,-0.0581413006598
SALA2,BTHR98,0.197215918944
SALA2,BILE99,0.0122088689915
SALA2,BASN100,0.731286484449
SALA2,BASN101,-0.00657828463713
SALA2,BASP102,0.682639302545
SALA2,BTHR138,-0.0192299057493
SALA2,BGLY142,0.855310593779
SALA2,BLEU143,0.296280311027
SALA2,BTHR144,-0.0418784071631
SALA2,BARG145,0.0818831291235
SALA2,BTYR146,-1.25687900094
SALA2,CALA149,0.0800702827521
SALA2,CASN150,0.00335049010368
SALA2,CTHR151,0.023388529689
SALA2,CLEU160,-0.0100890763431
SALA2,CCYS168,0.00466078228087
SALA2,CTYR171,5.07861868049
SALA2,CTRP172,-2.31874183789
SALA2,CGLY173,-0.077228671065
SALA2,CTHR174,0.0636365409991
SALA2,CLYS175,-3.91972761546
SALA2,CILE176,1.37320609802
SALA2,CLYS177,-0.989670556079
SALA2,CMET180,1.93171066918
SALA2,CILE181,5.67678763431
SALA2,CCYS182,-0.252671885014
SALA2,CALA183,-0.148496786051
SALA2,CGLY184,-0.00466934024505
SALA2,CALA185,0.0105696512724
SALA2,CVAL188,-0.00538342130066
SALA2,CSER189,-2.16858550424
SALA2,CSER190,0.587348482564
SALA2,CCYS191,0.64357267672
SALA2,CMET192,0.0125316682375
SALA2,CGLY193,-0.078959066918
SALA2,CASP194,0.662482384543
SALA2,CSER195,-0.460852921772
SALA2,CGLY196,0.669867021678
SALA2,CGLY197,-1.11089268615
SALA2,CILE212,-4.91119949105
SALA2,CVAL213,-3.24907802074
SALA2,CSER214,-0.388109688973
SALA2,CTRP215,-4.35043957587
SALA2,CGLY216,-4.38516525919
SALA2,CSER217,-1.31141751178
SALA2,CSER218,-1.42147487276
SALA2,CTHR219,0.438402902922
SALA2,CCYS220,0.0717290574929
SALA2,CSER221,-3.32664458058
SALA2,CTHR222,0.0980665409991
SALA2,CSER223,0.128681149859
SALA2,CTHR224,0.431964231857
SALA2,CPRO225,-0.166257040528
SALA2,CGLY226,1.64020519321
SALA2,CVAL227,-1.21642507069
SALA2,CTYR228,9.39519941565
SALA2,CALA229,3.76172442978
SPHE3,BILE16,-1.28666741753
SPHE3,BVAL17,1.33591826579
SPHE3,BLEU33,0.0116981055608
SPHE3,BPHE39,-0.0263380772856
SPHE3,BHSD40,2.69059494816
SPHE3,BPHE41,-0.231176343073
SPHE3,BCYS42,-0.513355994345
SPHE3,BGLY43,0.0691064373233
SPHE3,BGLY44,0.00620000942507
SPHE3,BVAL53,0.00478073515551
SPHE3,BTHR54,-1.05621643732
SPHE3,BALA55,-3.95139014138
SPHE3,BALA56,-1.91587085768
SPHE3,BHSD57,-2.69886621112
SPHE3,BCYS58,-0.0102011875589
SPHE3,BGLY59,-0.947818020735
SPHE3,BVAL60,-0.673647049953
SPHE3,BTHR61,0.000193298774741
SPHE3,BLYS90,0.382231960415
SPHE3,BASN91,0.136718803016
SPHE3,BLYS93,-0.323081131008
SPHE3,BTYR94,-1.58143621112
SPHE3,BASN95,0.000804995287465
SPHE3,BSER96,-1.47027592837
SPHE3,BLEU97,-0.878053949105
SPHE3,BTHR98,-0.92456001885
SPHE3,BILE99,-0.833112365693
SPHE3,BASN100,-0.180552544769
SPHE3,BASN101,0.387192016965
SPHE3,BASP102,-1.28820678605
SPHE3,BILE103,0.205719066918
SPHE3,BTHR104,-0.0162374552309
SPHE3,BTHR138,-1.23675983977
SPHE3,BTHR139,-0.0759628557964
SPHE3,BGLY140,-0.992422544769
SPHE3,BTRP141,3.33785176249
SPHE3,BGLY142,2.22703049953
SPHE3,BLEU143,-2.01642295947
SPHE3,BTHR144,2.05511783223
SPHE3,BARG145,0.39798998115
SPHE3,BTYR146,0.881313675778
SPHE3,CALA149,-0.501241036758
SPHE3,CASN150,0.0222936098021
SPHE3,CTHR151,0.0778258246937
SPHE3,CPRO152,-0.0359735061263
SPHE3,CLEU160,0.14081732328
SPHE3,CASN165,0.00318118755891
SPHE3,CTYR171,-0.00123848256362
SPHE3,CTRP172,-0.0692591423186
SPHE3,CGLY173,9.38925541942E-05
SPHE3,CTHR174,-0.0470451083883
SPHE3,CLYS175,0.1295667295
SPHE3,CILE176,-0.00410147031103
SPHE3,CLYS177,-0.213586032045
SPHE3,CASP178,-0.239222780396
SPHE3,CALA179,-0.0497000471254
SPHE3,CMET180,0.710301687088
SPHE3,CILE181,-1.67860799246
SPHE3,CCYS182,0.30038472196
SPHE3,CALA183,-0.030033864279
SPHE3,CGLY184,2.13949104618E-05
SPHE3,CSER189,2.38666406221
SPHE3,CSER190,0.243229877474
SPHE3,CCYS191,-0.326969594722
SPHE3,CMET192,-3.71308995287
SPHE3,CGLY193,-0.12083263902
SPHE3,CASP194,-1.26241480679
SPHE3,CSER195,1.00339014138
SPHE3,CGLY196,-0.557903468426
SPHE3,CGLY197,-1.45949053723
SPHE3,CPRO198,-0.0121257115928
SPHE3,CLEU199,0.0111048162111
SPHE3,CGLY211,0.574003741753
SPHE3,CILE212,3.99126562677
SPHE3,CVAL213,1.178736541
SPHE3,CSER214,-3.74106619227
SPHE3,CTRP215,0.309104278982
SPHE3,CGLY216,-0.532210254477
SPHE3,CSER217,0.0180170499529
SPHE3,CSER218,0.248196965127
SPHE3,CTHR219,3.21948634307
SPHE3,CCYS220,1.4614763902
SPHE3,CSER221,-0.0722192554194
SPHE3,CTHR222,-0.00315007540057
SPHE3,CTHR224,-1.70025860509
SPHE3,CPRO225,-0.363517483506
SPHE3,CGLY226,1.99923326107
SPHE3,CVAL227,0.276123543827
SPHE3,CTYR228,3.87931445806
SPHE3,CALA229,-6.117296541
SPHE3,CARG230,-0.287481036758
SPHE3,CVAL231,0.00234325164939
SPHE4,BILE16,-6.42135805844
SPHE4,BVAL17,2.51079735156
SPHE4,BASN18,0.57882462771
SPHE4,BGLY19,0.0492876437323
SPHE4,BGLN30,1.01542004713
SPHE4,BVAL31,-0.743968868992
SPHE4,BSER32,0.00106676720075
SPHE4,BLEU33,-2.7295237983
SPHE4,BGLN34,0.0132424222432
SPHE4,BASP35,0.00272085768143
SPHE4,BPHE39,-0.0764544674835
SPHE4,BHSD40,-1.53998
SPHE4,BPHE41,-1.33241636192
SPHE4,BCYS42,0.436952450518
SPHE4,BGLY43,1.79027735156
SPHE4,BGLY44,-1.71859407163
SPHE4,BSER45,0.506360508954
SPHE4,BVAL53,1.85921754006
SPHE4,BTHR54,2.82878573044
SPHE4,BALA55,0.441255146089
SPHE4,BALA56,0.873968105561
SPHE4,BHSD57,-3.23987154571
SPHE4,BCYS58,0.247231922714
SPHE4,BGLY59,3.19990644675
SPHE4,BVAL60,-3.22324693685
SPHE4,BLYS90,0.0372465032988
SPHE4,BTYR94,0.392411687088
SPHE4,BASN95,-0.521212808671
SPHE4,BSER96,-0.0124021112158
SPHE4,BLEU97,-0.349203166824
SPHE4,BTHR98,-0.277778378888
SPHE4,BILE99,-1.59798489161
SPHE4,BASN100,-1.22406598492
SPHE4,BASN101,1.61401576814
SPHE4,BASP102,-0.346670207352
SPHE4,BILE103,1.01828427898
SPHE4,BTHR104,-2.79947112158
SPHE4,BLEU106,0.0214793119698
SPHE4,BCYS136,-0.178666295947
SPHE4,BVAL137,0.227241837889
SPHE4,BTHR138,-0.552648925542
SPHE4,BTHR139,0.0129193685203
SPHE4,BGLY140,-2.85692400566
SPHE4,BTRP141,2.0516534967
SPHE4,BGLY142,3.29687435438
SPHE4,BLEU143,-3.96298478794
SPHE4,BTHR144,-3.88101058435
SPHE4,BARG145,1.4359400754
SPHE4,BTYR146,-0.978949132893
SPHE4,CALA149,-0.000701545711593
SPHE4,CASN150,0.135196918002
SPHE4,CTHR151,0.289155570217
SPHE4,CPRO152,-0.479639934025
SPHE4,CLEU155,-0.686651310085
SPHE4,CGLN156,-0.883112497644
SPHE4,CGLN157,0.398657172479
SPHE4,CALA158,-0.744778897267
SPHE4,CSER159,-0.151192130066
SPHE4,CLEU160,0.940372214892
SPHE4,CPRO161,-0.965319123468
SPHE4,CLEU162,0.59508393968
SPHE4,CLEU163,0.717657521206
SPHE4,CASN165,-0.0673875023563
SPHE4,CCYS168,-0.315001432611
SPHE4,CTYR171,0.814003496701
SPHE4,CTRP172,1.45177284637
SPHE4,CLYS175,0.253139547597
SPHE4,CILE176,0.222551442036
SPHE4,CLYS177,0.0866543261074
SPHE4,CALA179,-0.798276079171
SPHE4,CMET180,-1.22178128181
SPHE4,CILE181,4.23071333648
SPHE4,CCYS182,-0.593924637135
SPHE4,CALA183,-1.73150466541
SPHE4,CGLY184,0.86923
SPHE4,CALA185,-0.116861413761
SPHE4,CSER186,0.622980188501
SPHE4,CGLY187,-0.684782130066
SPHE4,CVAL188,-0.103452309142
SPHE4,CSER189,-1.85202346843
SPHE4,CSER190,-2.22479634307
SPHE4,CCYS191,-2.21579842601
SPHE4,CMET192,-4.93126975495
SPHE4,CGLY193,-4.04386100848
SPHE4,CASP194,0.010845739868
SPHE4,CSER195,-2.51828715363
SPHE4,CGLY196,0.987760094251
SPHE4,CGLY197,-1.05980554194
SPHE4,CPRO198,-0.0249303016023
SPHE4,CLEU199,1.76016061263
SPHE4,CVAL200,0.00775377002828
SPHE4,CLEU209,0.173686908577
SPHE4,CVAL210,0.00598121583412
SPHE4,CGLY211,2.73144480679
SPHE4,CILE212,-0.327106032045
SPHE4,CVAL213,-2.4813471442
SPHE4,CSER214,-6.25597017908
SPHE4,CTRP215,-3.94590227144
SPHE4,CGLY216,-2.15136193214
SPHE4,CSER217,-3.96406247879
SPHE4,CSER218,7.51693916117
SPHE4,CTHR219,-1.11243096136
SPHE4,CCYS220,-1.3473665787
SPHE4,CSER221,-0.899880254477
SPHE4,CTHR222,0.593068840716
SPHE4,CSER223,0.0432241093308
SPHE4,CTHR224,0.236878237512
SPHE4,CPRO225,-0.609447200754
SPHE4,CGLY226,-0.681588331762
SPHE4,CVAL227,0.497926258247
SPHE4,CTYR228,-6.75757028275
SPHE4,CALA229,1.3947598115
SPHE4,CARG230,-1.51825570217
SPHE4,CVAL231,0.0574584354383
